code,date,time,floor,type,basicPrice,ceilingPrice,floorPrice,open,high,low,close,average,adOpen,adHigh,adLow,adClose,adAverage,nmVolume,nmValue,ptVolume,ptValue,change,adChange,pctChange
DIG,2023-07-05,13:20:39,HOSE,STOCK,21.5,23.0,20.0,21.7,21.75,21.45,21.5,21.59044087,21.7,21.75,21.45,21.5,21.59044087,5339400.0,115280000000.0,0.0,0.0,0.0,0.0,0.0
DIG,2023-07-04,15:07:04,HOSE,STOCK,20.9,22.35,19.45,20.9,21.55,20.8,21.5,21.27,20.9,21.55,20.8,21.5,21.27,15187700.0,322980920000.0,0.0,0.0,0.6,0.6,2.8708
DIG,2023-07-03,15:07:24,HOSE,STOCK,21.05,22.5,19.6,21.2,21.35,20.8,20.9,20.98,21.2,21.35,20.8,20.9,20.98,11247800.0,235940645000.0,0.0,0.0,-0.15,-0.15,-0.7126
DIG,2023-06-30,15:06:02,HOSE,STOCK,21.1,22.55,19.65,21.0,21.25,20.7,21.05,20.92,21.0,21.25,20.7,21.05,20.92,18187400.0,380550955000.0,0.0,0.0,-0.05,-0.05,-0.237
DIG,2023-06-29,15:06:02,HOSE,STOCK,22.4,23.95,20.85,22.2,22.3,21.1,21.1,21.6,22.2,22.3,21.1,21.1,21.6,48143500.0,1040123205000.0,3637000.0,82184600000.0,-1.3,-1.3,-5.8036
DIG,2023-06-28,15:06:02,HOSE,STOCK,22.85,24.4,21.3,23.05,23.1,22.4,22.4,22.74,23.05,23.1,22.4,22.4,22.74,21499200.0,488816845000.0,5256074.0,119838487200.0,-0.45,-0.45,-1.9694
DIG,2023-06-27,15:06:03,HOSE,STOCK,23.1,24.7,21.5,23.3,23.3,22.7,22.85,22.9,23.3,23.3,22.7,22.85,22.9,18341100.0,420050745000.0,1090000.0,24852000000.0,-0.25,-0.25,-1.0823
DIG,2023-06-26,15:06:02,HOSE,STOCK,22.8,24.35,21.25,22.7,23.3,22.0,23.1,22.63,22.7,23.3,22.0,23.1,22.63,36668400.0,829661800000.0,3708000.0,84542400000.0,0.3,0.3,1.3158
DIG,2023-06-23,15:06:02,HOSE,STOCK,23.05,24.65,21.45,23.05,23.15,22.6,22.8,22.86,23.05,23.15,22.6,22.8,22.86,21975700.0,502278280000.0,2367000.0,54441000000.0,-0.25,-0.25,-1.0846
DIG,2023-06-22,15:06:05,HOSE,STOCK,21.7,23.2,20.2,22.2,23.2,22.1,23.05,22.73,22.2,23.2,22.1,23.05,22.73,47760100.0,1085723045000.0,0.0,0.0,1.35,1.35,6.2212
DIG,2023-06-21,15:06:02,HOSE,STOCK,21.85,23.35,20.35,21.9,21.95,21.45,21.7,21.66,21.9,21.95,21.45,21.7,21.66,22209800.0,481135670000.0,0.0,0.0,-0.15,-0.15,-0.6865
DIG,2023-06-20,15:06:01,HOSE,STOCK,21.2,22.65,19.75,21.45,21.9,21.3,21.85,21.63,21.45,21.9,21.3,21.85,21.63,18877900.0,408393850000.0,0.0,0.0,0.65,0.65,3.066
DIG,2023-06-19,15:06:02,HOSE,STOCK,20.8,22.25,19.35,21.0,21.65,20.7,21.2,21.1,21.0,21.65,20.7,21.2,21.1,21117800.0,445665120000.0,0.0,0.0,0.4,0.4,1.9231
DIG,2023-06-16,15:06:02,HOSE,STOCK,20.55,21.95,19.15,20.9,21.35,20.75,20.8,21.09,20.9,21.35,20.75,20.8,21.09,25058000.0,528370835000.0,0.0,0.0,0.25,0.25,1.2165
DIG,2023-06-15,15:06:02,HOSE,STOCK,20.5,21.9,19.1,20.5,20.7,20.3,20.55,20.48,20.5,20.7,20.3,20.55,20.48,9995900.0,204700395000.0,0.0,0.0,0.05,0.05,0.2439
DIG,2023-06-14,15:06:02,HOSE,STOCK,20.95,22.4,19.5,21.2,21.5,20.5,20.5,21.03,21.2,21.5,20.5,20.5,21.03,15125300.0,318018410000.0,0.0,0.0,-0.45,-0.45,-2.148
DIG,2023-06-13,15:06:02,HOSE,STOCK,20.25,21.65,18.85,20.55,21.25,20.2,20.95,20.71,20.55,21.25,20.2,20.95,20.71,23340100.0,483394935000.0,1321900.0,27231140000.0,0.7,0.7,3.4568
DIG,2023-06-12,15:06:02,HOSE,STOCK,20.9,22.35,19.45,20.8,20.9,19.95,20.25,20.32,20.8,20.9,19.95,20.25,20.32,20145000.0,409361000000.0,3000000.0,61800000000.0,-0.65,-0.65,-3.11
DIG,2023-06-09,15:06:02,HOSE,STOCK,20.8,22.25,19.35,20.9,21.15,19.8,20.9,20.55,20.9,21.15,19.8,20.9,20.55,29069500.0,597464585000.0,0.0,0.0,0.1,0.1,0.4808
DIG,2023-06-08,15:06:03,HOSE,STOCK,22.0,23.5,20.5,22.15,22.25,20.8,20.8,21.52,22.15,22.25,20.8,20.8,21.52,28200600.0,606873135000.0,1484000.0,32648000000.0,-1.2,-1.2,-5.4545
DIG,2023-06-07,15:06:02,HOSE,STOCK,21.35,22.8,19.9,21.25,22.2,21.25,22.0,21.71,21.25,22.2,21.25,22.0,21.71,24945900.0,541563035000.0,0.0,0.0,0.65,0.65,3.0445
DIG,2023-06-06,15:06:02,HOSE,STOCK,21.2,22.65,19.75,21.15,21.55,20.8,21.35,21.19,21.15,21.55,20.8,21.35,21.19,21346400.0,452359900000.0,0.0,0.0,0.15,0.15,0.7075
DIG,2023-06-05,15:06:03,HOSE,STOCK,21.8,23.3,20.3,21.95,22.0,21.2,21.2,21.56,21.95,22.0,21.2,21.2,21.56,24029000.0,518051840000.0,0.0,0.0,-0.6,-0.6,-2.7523
DIG,2023-06-02,15:06:01,HOSE,STOCK,22.15,23.7,20.6,22.6,22.6,21.55,21.8,21.91,22.6,22.6,21.55,21.8,21.91,22620600.0,495515700000.0,0.0,0.0,-0.35,-0.35,-1.5801
DIG,2023-06-01,15:06:02,HOSE,STOCK,21.35,22.8,19.9,21.55,22.25,21.5,22.15,21.96,21.55,22.25,21.5,22.15,21.96,23101000.0,507323960000.0,0.0,0.0,0.8,0.8,3.7471
DIG,2023-05-31,15:05:03,HOSE,STOCK,20.95,22.4,19.5,21.05,21.65,20.8,21.35,21.2,21.05,21.65,20.8,21.35,21.2,21736000.0,460873550000.0,0.0,0.0,0.4,0.4,1.9093
DIG,2023-05-30,15:05:02,HOSE,STOCK,20.9,22.35,19.45,21.3,21.7,20.85,20.95,21.19,21.3,21.7,20.85,20.95,21.19,27591400.0,584579455000.0,100000.0,1965000000.0,0.05,0.05,0.2392
DIG,2023-05-29,15:05:02,HOSE,STOCK,20.8,22.25,19.35,21.2,21.3,20.8,20.9,20.96,21.2,21.3,20.8,20.9,20.96,15832600.0,331917725000.0,0.0,0.0,0.1,0.1,0.4808
DIG,2023-05-26,15:05:02,HOSE,STOCK,20.55,21.95,19.15,20.55,21.15,20.25,20.8,20.62,20.55,21.15,20.25,20.8,20.62,15835400.0,326585155000.0,0.0,0.0,0.25,0.25,1.2165
DIG,2023-05-25,15:05:01,HOSE,STOCK,20.85,22.3,19.4,20.6,20.95,19.85,20.55,20.48,20.6,20.95,19.85,20.55,20.48,21191400.0,434049050000.0,0.0,0.0,-0.3,-0.3,-1.4388
DIG,2023-05-24,15:05:02,HOSE,STOCK,20.6,22.0,19.2,20.7,21.45,20.7,20.85,21.07,20.7,21.45,20.7,20.85,21.07,26286800.0,553850940000.0,23000.0,441600000.0,0.25,0.25,1.2136
DIG,2023-05-23,15:05:02,HOSE,STOCK,20.5,21.9,19.1,20.6,20.95,20.35,20.6,20.63,20.6,20.95,20.35,20.6,20.63,21727300.0,448212960000.0,0.0,0.0,0.1,0.1,0.4878
DIG,2023-05-22,15:05:02,HOSE,STOCK,20.5,21.9,19.1,20.8,20.8,20.2,20.5,20.48,20.8,20.8,20.2,20.5,20.48,12991800.0,266053010000.0,50000.0,955000000.0,0.0,0.0,0.0
DIG,2023-05-19,15:05:02,HOSE,STOCK,19.35,20.7,18.0,19.75,20.5,19.0,20.5,19.73,19.75,20.5,19.0,20.5,19.73,31926300.0,629879395000.0,0.0,0.0,1.15,1.15,5.9432
DIG,2023-05-18,17:05:32,HOSE,STOCK,20.8,22.25,19.35,20.85,20.95,19.35,19.35,20.17,20.85,20.95,19.35,19.35,20.17,33831900.0,682513500000.0,0.0,0.0,-1.45,-1.45,-6.9712
DIG,2023-05-17,15:05:14,HOSE,STOCK,21.0,22.45,19.55,21.2,21.6,20.8,20.8,21.23,21.2,21.6,20.8,20.8,21.23,21834300.0,463561460000.0,0.0,0.0,-0.2,-0.2,-0.9524
DIG,2023-05-16,15:05:08,HOSE,STOCK,20.2,21.6,18.8,20.25,21.0,20.2,21.0,20.65,20.25,21.0,20.2,21.0,20.65,21177400.0,437413935000.0,0.0,0.0,0.8,0.8,3.9604
DIG,2023-05-15,15:05:15,HOSE,STOCK,20.65,22.05,19.25,20.9,21.15,20.2,20.2,20.77,20.9,21.15,20.2,20.2,20.77,19760300.0,410365035000.0,124000.0,2389500000.0,-0.45,-0.45,-2.1792
DIG,2023-05-12,15:05:05,HOSE,STOCK,20.45,21.85,19.05,20.5,20.75,20.3,20.65,20.54,20.5,20.75,20.3,20.65,20.54,18622400.0,382468080000.0,0.0,0.0,0.2,0.2,0.978
DIG,2023-05-11,15:05:03,HOSE,STOCK,19.15,20.45,17.85,19.3,20.45,19.2,20.45,20.09,19.3,20.45,19.2,20.45,20.09,35770300.0,718486295000.0,0.0,0.0,1.3,1.3,6.7885
DIG,2023-05-10,15:05:03,HOSE,STOCK,18.5,19.75,17.25,18.5,19.5,18.5,19.15,19.11,18.5,19.5,18.5,19.15,19.11,21290200.0,406859595000.0,0.0,0.0,0.65,0.65,3.5135
DIG,2023-05-09,15:05:05,HOSE,STOCK,18.85,20.15,17.55,18.85,18.95,18.3,18.5,18.53,18.85,18.95,18.3,18.5,18.53,16318600.0,302323005000.0,0.0,0.0,-0.35,-0.35,-1.8568
DIG,2023-05-08,15:05:07,HOSE,STOCK,19.05,20.35,17.75,19.4,19.4,18.4,18.85,18.89,19.4,19.4,18.4,18.85,18.89,28911700.0,546069365000.0,0.0,0.0,-0.2,-0.2,-1.0499
DIG,2023-05-05,15:05:04,HOSE,STOCK,18.9,20.2,17.6,18.9,19.3,18.25,19.05,18.71,18.9,19.3,18.25,19.05,18.71,22033100.0,412208755000.0,0.0,0.0,0.15,0.15,0.7937
DIG,2023-05-04,15:05:05,HOSE,STOCK,18.7,20.0,17.4,18.7,19.6,18.5,18.9,19.02,18.7,19.6,18.5,18.9,19.02,29595900.0,562901115000.0,20000.0,348000000.0,0.2,0.2,1.0695
DIG,2023-04-28,15:04:02,HOSE,STOCK,17.5,18.7,16.3,17.7,18.7,17.5,18.7,18.36,17.7,18.7,17.5,18.7,18.36,34089900.0,625799035000.0,0.0,0.0,1.2,1.2,6.8571
DIG,2023-04-27,15:04:07,HOSE,STOCK,16.9,18.05,15.75,16.95,17.9,16.9,17.5,17.44,16.95,17.9,16.9,17.5,17.44,32598000.0,568588920000.0,0.0,0.0,0.6,0.6,3.5503
DIG,2023-04-26,15:04:02,HOSE,STOCK,16.2,17.3,15.1,16.35,16.9,16.25,16.9,16.6,16.35,16.9,16.25,16.9,16.6,12006300.0,199262450000.0,1403437.0,23718085300.0,0.7,0.7,4.321
DIG,2023-04-25,15:04:04,HOSE,STOCK,16.9,18.05,15.75,17.15,17.4,16.2,16.2,16.8,17.15,17.4,16.2,16.2,16.8,23953800.0,402490115000.0,0.0,0.0,-0.7,-0.7,-4.142
DIG,2023-04-24,15:04:02,HOSE,STOCK,17.1,18.25,15.95,17.2,17.35,16.45,16.9,16.94,17.2,17.35,16.45,16.9,16.94,16068700.0,272199185000.0,0.0,0.0,-0.2,-0.2,-1.1696
DIG,2023-04-21,15:04:02,HOSE,STOCK,17.15,18.35,15.95,17.2,17.75,16.95,17.1,17.35,17.2,17.75,16.95,17.1,17.35,20168300.0,349823270000.0,0.0,0.0,-0.05,-0.05,-0.2915
DIG,2023-04-20,15:04:03,HOSE,STOCK,17.0,18.15,15.85,17.2,17.45,16.65,17.15,17.06,17.2,17.45,16.65,17.15,17.06,14379200.0,245334835000.0,0.0,0.0,0.15,0.15,0.8824
DIG,2023-04-19,15:04:02,HOSE,STOCK,17.4,18.6,16.2,17.75,17.95,17.0,17.0,17.54,17.75,17.95,17.0,17.0,17.54,24545000.0,430510855000.0,1913500.0,33294900000.0,-0.4,-0.4,-2.2989
DIG,2023-04-18,15:04:04,HOSE,STOCK,16.3,17.4,15.2,16.3,17.4,15.9,17.4,16.87,16.3,17.4,15.9,17.4,16.87,33217500.0,560286225000.0,130000.0,1976000000.0,1.1,1.1,6.7485
DIG,2023-04-17,15:04:02,HOSE,STOCK,16.2,17.3,15.1,16.2,16.35,15.8,16.3,16.13,16.2,16.35,15.8,16.3,16.13,14373900.0,231895155000.0,0.0,0.0,0.1,0.1,0.6173
DIG,2023-04-14,15:04:01,HOSE,STOCK,17.4,18.6,16.2,17.5,17.6,16.2,16.2,16.5,17.5,17.6,16.2,16.2,16.5,40577800.0,669438125000.0,200000.0,3460000000.0,-1.2,-1.2,-6.8966
DIG,2023-04-13,15:04:02,HOSE,STOCK,17.2,18.4,16.0,17.5,17.95,17.05,17.4,17.47,17.5,17.95,17.05,17.4,17.47,24484400.0,427664240000.0,0.0,0.0,0.2,0.2,1.1628
DIG,2023-04-12,15:04:04,HOSE,STOCK,17.5,18.7,16.3,17.55,17.85,16.85,17.2,17.29,17.55,17.85,16.85,17.2,17.29,20607700.0,356349975000.0,0.0,0.0,-0.3,-0.3,-1.7143
DIG,2023-04-11,15:04:02,HOSE,STOCK,17.4,18.6,16.2,17.05,17.5,16.2,17.5,16.7,17.05,17.5,16.2,17.5,16.7,41249300.0,688924655000.0,0.0,0.0,0.1,0.1,0.5747
DIG,2023-04-10,15:04:02,HOSE,STOCK,17.0,18.15,15.85,17.6,17.8,17.05,17.4,17.47,17.6,17.8,17.05,17.4,17.47,26975500.0,471147325000.0,0.0,0.0,0.4,0.4,2.3529
DIG,2023-04-07,15:04:02,HOSE,STOCK,15.9,17.0,14.8,16.2,17.0,15.95,17.0,16.56,16.2,17.0,15.95,17.0,16.56,27903700.0,462157165000.0,0.0,0.0,1.1,1.1,6.9182
DIG,2023-04-06,15:04:02,HOSE,STOCK,15.5,16.55,14.45,15.8,16.55,15.6,15.9,16.29,15.8,16.55,15.6,15.9,16.29,31893200.0,519475825000.0,0.0,0.0,0.4,0.4,2.5806
DIG,2023-04-05,15:04:02,HOSE,STOCK,14.9,15.9,13.9,14.75,15.5,14.65,15.5,15.11,14.75,15.5,14.65,15.5,15.11,19498100.0,294548045000.0,0.0,0.0,0.6,0.6,4.0268
DIG,2023-04-04,15:04:02,HOSE,STOCK,14.4,15.4,13.4,14.6,15.15,14.6,14.9,14.86,14.6,15.15,14.6,14.9,14.86,17006200.0,252765320000.0,0.0,0.0,0.5,0.5,3.4722
DIG,2023-04-03,15:04:02,HOSE,STOCK,13.5,14.4,12.6,14.1,14.4,13.95,14.4,14.28,14.1,14.4,13.95,14.4,14.28,20426500.0,291759345000.0,0.0,0.0,0.9,0.9,6.6667
DIG,2023-03-31,15:03:02,HOSE,STOCK,12.9,13.8,12.0,12.95,13.6,12.8,13.5,13.21,12.95,13.6,12.8,13.5,13.21,14812900.0,195657345000.0,0.0,0.0,0.6,0.6,4.6512
DIG,2023-03-30,15:03:01,HOSE,STOCK,13.15,14.05,12.25,13.5,13.5,12.9,12.9,13.18,13.5,13.5,12.9,12.9,13.18,11277600.0,148637340000.0,0.0,0.0,-0.25,-0.25,-1.9011
DIG,2023-03-29,15:03:01,HOSE,STOCK,12.9,13.8,12.0,13.0,13.2,12.75,13.15,12.94,13.0,13.2,12.75,13.15,12.94,8402200.0,108689760000.0,0.0,0.0,0.25,0.25,1.938
DIG,2023-03-28,15:03:02,HOSE,STOCK,13.25,14.15,12.35,13.5,13.55,12.9,12.9,13.24,13.5,13.55,12.9,12.9,13.24,15145500.0,200495505000.0,0.0,0.0,-0.35,-0.35,-2.6415
DIG,2023-03-27,15:03:01,HOSE,STOCK,12.75,13.6,11.9,12.9,13.3,12.8,13.25,13.03,12.9,13.3,12.8,13.25,13.03,16542800.0,215537285000.0,50000.0,627500000.0,0.5,0.5,3.9216
DIG,2023-03-24,15:03:01,HOSE,STOCK,12.5,13.35,11.65,12.6,13.0,12.4,12.75,12.73,12.6,13.0,12.4,12.75,12.73,19033100.0,242219400000.0,32000.0,427200000.0,0.25,0.25,2.0
DIG,2023-03-23,15:03:01,HOSE,STOCK,12.25,13.1,11.4,12.1,12.5,12.05,12.5,12.22,12.1,12.5,12.05,12.5,12.22,9956100.0,121643320000.0,0.0,0.0,0.25,0.25,2.0408
DIG,2023-03-22,15:03:01,HOSE,STOCK,12.05,12.85,11.25,12.4,12.6,12.2,12.25,12.4,12.4,12.6,12.2,12.25,12.4,10979200.0,136113305000.0,0.0,0.0,0.2,0.2,1.6598
DIG,2023-03-21,15:03:01,HOSE,STOCK,11.7,12.5,10.9,11.9,12.15,11.6,12.05,11.93,11.9,12.15,11.6,12.05,11.93,11349400.0,135376275000.0,500000.0,6000000000.0,0.35,0.35,2.9915
DIG,2023-03-20,15:03:01,HOSE,STOCK,12.45,13.3,11.6,12.3,12.5,11.7,11.7,12.05,12.3,12.5,11.7,11.7,12.05,10261400.0,123608550000.0,0.0,0.0,-0.75,-0.75,-6.0241
DIG,2023-03-17,15:03:01,HOSE,STOCK,12.0,12.8,11.2,12.35,12.6,12.1,12.45,12.33,12.35,12.6,12.1,12.45,12.33,17506700.0,215890770000.0,0.0,0.0,0.45,0.45,3.75
DIG,2023-03-16,15:03:01,HOSE,STOCK,11.75,12.55,10.95,11.7,12.2,11.5,12.0,11.91,11.7,12.2,11.5,12.0,11.91,12886200.0,153495540000.0,0.0,0.0,0.25,0.25,2.1277
DIG,2023-03-15,15:03:01,HOSE,STOCK,11.0,11.75,10.25,11.5,11.75,11.3,11.75,11.63,11.5,11.75,11.3,11.75,11.63,9494000.0,110397095000.0,0.0,0.0,0.75,0.75,6.8182
DIG,2023-03-14,15:03:02,HOSE,STOCK,11.6,12.4,10.8,11.6,11.7,10.85,11.0,11.19,11.6,11.7,10.85,11.0,11.19,11710100.0,130990815000.0,0.0,0.0,-0.6,-0.6,-5.1724
DIG,2023-03-13,15:03:02,HOSE,STOCK,11.8,12.6,11.0,11.5,11.95,11.5,11.6,11.74,11.5,11.95,11.5,11.6,11.74,6801800.0,79868905000.0,0.0,0.0,-0.2,-0.2,-1.6949
DIG,2023-03-10,15:03:01,HOSE,STOCK,12.1,12.9,11.3,11.9,12.05,11.75,11.8,11.87,11.9,12.05,11.75,11.8,11.87,9150400.0,108581190000.0,0.0,0.0,-0.3,-0.3,-2.4793
DIG,2023-03-09,15:03:02,HOSE,STOCK,12.2,13.05,11.35,12.4,12.5,12.05,12.1,12.24,12.4,12.5,12.05,12.1,12.24,6709300.0,82143505000.0,0.0,0.0,-0.1,-0.1,-0.8197
DIG,2023-03-08,15:03:01,HOSE,STOCK,11.95,12.75,11.15,11.7,12.4,11.7,12.2,11.98,11.7,12.4,11.7,12.2,11.98,8567400.0,102608170000.0,0.0,0.0,0.25,0.25,2.0921
DIG,2023-03-07,15:03:01,HOSE,STOCK,12.55,13.4,11.7,12.65,12.65,11.85,11.95,12.09,12.65,12.65,11.85,11.95,12.09,10806300.0,130594420000.0,0.0,0.0,-0.6,-0.6,-4.7809
DIG,2023-03-06,15:03:02,HOSE,STOCK,11.75,12.55,10.95,12.2,12.55,12.1,12.55,12.48,12.2,12.55,12.1,12.55,12.48,12765400.0,159362670000.0,0.0,0.0,0.8,0.8,6.8085
DIG,2023-03-03,15:03:01,HOSE,STOCK,12.6,13.45,11.75,12.4,12.7,11.75,11.75,11.83,12.4,12.7,11.75,11.75,11.83,22838300.0,270277400000.0,0.0,0.0,-0.85,-0.85,-6.746
DIG,2023-03-02,15:03:01,HOSE,STOCK,12.6,13.45,11.75,12.6,13.1,12.5,12.6,12.72,12.6,13.1,12.5,12.6,12.72,6189000.0,78693160000.0,0.0,0.0,0.0,0.0,0.0
DIG,2023-03-01,15:03:02,HOSE,STOCK,13.5,14.4,12.6,12.6,13.0,12.6,12.6,12.62,12.6,13.0,12.6,12.6,12.62,34561000.0,436094635000.0,0.0,0.0,-0.9,-0.9,-6.6667
DIG,2023-02-28,15:02:01,HOSE,STOCK,13.2,14.1,12.3,13.4,13.65,13.3,13.5,13.46,13.4,13.65,13.3,13.5,13.46,4492300.0,60487360000.0,0.0,0.0,0.3,0.3,2.2727
DIG,2023-02-27,15:02:01,HOSE,STOCK,13.8,14.75,12.85,13.75,13.75,13.2,13.2,13.45,13.75,13.75,13.2,13.2,13.45,6986400.0,93979475000.0,67600.0,868660000.0,-0.6,-0.6,-4.3478
DIG,2023-02-24,15:02:01,HOSE,STOCK,14.25,15.2,13.3,14.3,14.45,13.75,13.8,14.0,14.3,14.45,13.75,13.8,14.0,4404800.0,61665245000.0,0.0,0.0,-0.45,-0.45,-3.1579
DIG,2023-02-23,15:02:02,HOSE,STOCK,14.3,15.3,13.3,14.3,14.5,13.4,14.25,13.88,14.3,14.5,13.4,14.25,13.88,10161100.0,141081900000.0,67600.0,899080000.0,-0.05,-0.05,-0.3497
DIG,2023-02-22,15:02:01,HOSE,STOCK,15.3,16.35,14.25,14.95,15.2,14.3,14.3,14.75,14.95,15.2,14.3,14.3,14.75,11554000.0,170476240000.0,0.0,0.0,-1.0,-1.0,-6.5359
DIG,2023-02-21,15:02:01,HOSE,STOCK,15.15,16.2,14.1,15.5,15.8,15.3,15.3,15.53,15.5,15.8,15.3,15.3,15.53,10776500.0,167387160000.0,67600.0,990340000.0,0.15,0.15,0.9901
DIG,2023-02-20,15:02:01,HOSE,STOCK,14.2,15.15,13.25,14.4,15.15,14.4,15.15,15.02,14.4,15.15,14.4,15.15,15.02,12463900.0,187165250000.0,0.0,0.0,0.95,0.95,6.6901
DIG,2023-02-17,15:02:01,HOSE,STOCK,14.2,15.15,13.25,14.3,14.85,14.2,14.2,14.51,14.3,14.85,14.2,14.2,14.51,7747100.0,112428935000.0,67600.0,980200000.0,0.0,0.0,0.0
DIG,2023-02-16,15:02:02,HOSE,STOCK,14.0,14.95,13.05,14.25,14.35,13.9,14.2,14.13,14.25,14.35,13.9,14.2,14.13,4815300.0,68054525000.0,0.0,0.0,0.2,0.2,1.4286
DIG,2023-02-15,15:02:01,HOSE,STOCK,13.25,14.15,12.35,13.25,14.15,13.2,14.0,13.83,13.25,14.15,13.2,14.0,13.83,6964400.0,96305605000.0,64800.0,858600000.0,0.75,0.75,5.6604
DIG,2023-02-14,15:02:02,HOSE,STOCK,13.25,14.15,12.35,13.25,13.5,13.1,13.25,13.28,13.25,13.5,13.1,13.25,13.28,4773100.0,63369160000.0,0.0,0.0,0.0,0.0,0.0
DIG,2023-02-13,15:02:01,HOSE,STOCK,14.2,15.15,13.25,14.0,14.0,13.25,13.25,13.37,14.0,14.0,13.25,13.25,13.37,15149100.0,202491785000.0,64800.0,858600000.0,-0.95,-0.95,-6.6901
DIG,2023-02-10,15:02:01,HOSE,STOCK,14.8,15.8,13.8,14.85,14.85,14.1,14.2,14.45,14.85,14.85,14.1,14.2,14.45,7574400.0,109454245000.0,0.0,0.0,-0.6,-0.6,-4.0541
DIG,2023-02-09,15:02:01,HOSE,STOCK,14.95,15.95,13.95,14.95,15.3,14.8,14.8,15.04,14.95,15.3,14.8,14.8,15.04,4938500.0,74252680000.0,0.0,0.0,-0.15,-0.15,-1.0033
DIG,2023-02-08,15:02:02,HOSE,STOCK,15.0,16.05,13.95,15.1,15.3,14.3,14.95,14.9,15.1,15.3,14.3,14.95,14.9,8538700.0,127209565000.0,0.0,0.0,-0.05,-0.05,-0.3333
DIG,2023-02-07,15:02:01,HOSE,STOCK,15.9,17.0,14.8,15.85,16.0,15.0,15.0,15.42,15.85,16.0,15.0,15.0,15.42,9213900.0,142106120000.0,0.0,0.0,-0.9,-0.9,-5.6604
DIG,2023-02-06,15:02:01,HOSE,STOCK,15.65,16.7,14.6,15.5,16.0,15.25,15.9,15.73,15.5,16.0,15.25,15.9,15.73,5357800.0,84304675000.0,0.0,0.0,0.25,0.25,1.5974
DIG,2023-02-03,15:02:02,HOSE,STOCK,15.6,16.65,14.55,15.9,16.05,15.3,15.65,15.72,15.9,16.05,15.3,15.65,15.72,9380200.0,147424650000.0,0.0,0.0,0.05,0.05,0.3205
DIG,2023-02-02,15:02:01,HOSE,STOCK,16.3,17.4,15.2,16.35,16.5,15.3,15.6,15.82,16.35,16.5,15.3,15.6,15.82,13078700.0,206920150000.0,0.0,0.0,-0.7,-0.7,-4.2945
DIG,2023-02-01,15:02:01,HOSE,STOCK,17.5,18.7,16.3,17.75,17.9,16.3,16.3,17.0,17.75,17.9,16.3,16.3,17.0,19788500.0,336377780000.0,280000.0,4900000000.0,-1.2,-1.2,-6.8571
DIG,2023-01-31,15:01:02,HOSE,STOCK,17.0,18.15,15.85,17.1,17.5,16.85,17.5,17.18,17.1,17.5,16.85,17.5,17.18,13722400.0,235712105000.0,0.0,0.0,0.5,0.5,2.9412
DIG,2023-01-30,16:01:08,HOSE,STOCK,16.15,17.25,15.05,16.1,17.25,15.9,17.0,16.85,16.1,17.25,15.9,17.0,16.85,17889700.0,301380105000.0,280000.0,4620000000.0,0.85,0.85,5.2632
DIG,2023-01-27,15:01:02,HOSE,STOCK,16.5,17.65,15.35,16.8,16.95,16.15,16.15,16.55,16.8,16.95,16.15,16.15,16.55,9192900.0,152120355000.0,0.0,0.0,-0.35,-0.35,-2.1212
DIG,2023-01-19,15:01:02,HOSE,STOCK,16.55,17.7,15.4,16.6,16.9,16.3,16.5,16.59,16.6,16.9,16.3,16.5,16.59,9266900.0,153700695000.0,280000.0,4340000000.0,-0.05,-0.05,-0.3021
DIG,2023-01-18,15:01:01,HOSE,STOCK,15.5,16.55,14.45,15.8,16.55,15.6,16.55,16.17,15.8,16.55,15.6,16.55,16.17,13970400.0,225968685000.0,0.0,0.0,1.05,1.05,6.7742
DIG,2023-01-17,15:01:01,HOSE,STOCK,14.9,15.9,13.9,14.9,15.5,14.9,15.5,15.29,14.9,15.5,14.9,15.5,15.29,7543300.0,115304875000.0,280000.0,4340000000.0,0.6,0.6,4.0268
DIG,2023-01-16,15:01:01,HOSE,STOCK,15.25,16.3,14.2,15.25,15.3,14.9,14.9,15.04,15.25,15.3,14.9,14.9,15.04,5251200.0,78975490000.0,0.0,0.0,-0.35,-0.35,-2.2951
DIG,2023-01-13,15:01:01,HOSE,STOCK,15.2,16.25,14.15,15.35,15.6,15.15,15.25,15.33,15.35,15.6,15.15,15.25,15.33,5968300.0,91521600000.0,280000.0,4340000000.0,0.05,0.05,0.3289
DIG,2023-01-12,15:01:02,HOSE,STOCK,15.5,16.55,14.45,15.7,15.7,15.2,15.2,15.35,15.7,15.7,15.2,15.2,15.35,4787500.0,73471695000.0,0.0,0.0,-0.3,-0.3,-1.9355
DIG,2023-01-11,15:01:01,HOSE,STOCK,15.1,16.15,14.05,15.3,16.0,15.25,15.5,15.63,15.3,16.0,15.25,15.5,15.63,7319300.0,114422430000.0,0.0,0.0,0.4,0.4,2.649
DIG,2023-01-10,15:01:02,HOSE,STOCK,14.8,15.8,13.8,14.9,15.3,14.45,15.1,14.9,14.9,15.3,14.45,15.1,14.9,5990500.0,89260655000.0,0.0,0.0,0.3,0.3,2.027
DIG,2023-01-09,15:01:01,HOSE,STOCK,15.1,16.15,14.05,15.4,15.5,14.8,14.8,15.15,15.4,15.5,14.8,14.8,15.15,6428600.0,97388970000.0,0.0,0.0,-0.3,-0.3,-1.9868
DIG,2023-01-06,15:01:01,HOSE,STOCK,15.85,16.95,14.75,15.8,16.15,15.1,15.1,15.69,15.8,16.15,15.1,15.1,15.69,9497200.0,149003855000.0,0.0,0.0,-0.75,-0.75,-4.7319
DIG,2023-01-05,15:01:01,HOSE,STOCK,15.7,16.75,14.65,15.75,16.1,15.25,15.85,15.73,15.75,16.1,15.25,15.85,15.73,8350100.0,131326135000.0,0.0,0.0,0.15,0.15,0.9554
DIG,2023-01-04,15:01:01,HOSE,STOCK,15.3,16.35,14.25,15.7,16.15,15.6,15.7,15.9,15.7,16.15,15.6,15.7,15.9,11586000.0,184227585000.0,0.0,0.0,0.4,0.4,2.6144
DIG,2023-01-03,15:01:01,HOSE,STOCK,14.3,15.3,13.3,14.4,15.3,14.4,15.3,15.2,14.4,15.3,14.4,15.3,15.2,6305000.0,95863095000.0,0.0,0.0,1.0,1.0,6.993
DIG,2022-12-30,15:12:01,HOSE,STOCK,14.8,15.8,13.8,15.0,15.1,14.3,14.3,14.7,15.0,15.1,14.3,14.3,14.7,6044400.0,88863110000.0,0.0,0.0,-0.5,-0.5,-3.3784
DIG,2022-12-29,15:12:01,HOSE,STOCK,15.7,16.75,14.65,15.7,16.1,14.8,14.8,15.42,15.7,16.1,14.8,14.8,15.42,8422300.0,129855645000.0,0.0,0.0,-0.9,-0.9,-5.7325
DIG,2022-12-28,15:12:01,HOSE,STOCK,15.75,16.85,14.65,16.15,16.3,15.5,15.7,15.87,16.15,16.3,15.5,15.7,15.87,9488200.0,150576385000.0,20000.0,293000000.0,-0.05,-0.05,-0.3175
DIG,2022-12-27,15:12:01,HOSE,STOCK,14.75,15.75,13.75,14.0,15.75,13.9,15.75,14.68,14.0,15.75,13.9,15.75,14.68,13935600.0,204582680000.0,20000.0,275000000.0,1.0,1.0,6.7797
DIG,2022-12-26,15:12:01,HOSE,STOCK,15.85,16.95,14.75,15.95,15.95,14.75,14.75,14.94,15.95,15.95,14.75,14.75,14.94,9105800.0,136018520000.0,96000.0,1481000000.0,-1.1,-1.1,-6.9401
DIG,2022-12-23,15:12:01,HOSE,STOCK,16.1,17.2,15.0,16.0,16.5,15.7,15.85,16.0,16.0,16.5,15.7,15.85,16.0,6582800.0,105338935000.0,0.0,0.0,-0.25,-0.25,-1.5528
DIG,2022-12-22,15:12:02,HOSE,STOCK,15.6,16.65,14.55,16.15,16.3,15.15,16.1,15.89,16.15,16.3,15.15,16.1,15.89,12998900.0,206507215000.0,0.0,0.0,0.5,0.5,3.2051
DIG,2022-12-21,15:12:01,HOSE,STOCK,16.75,17.9,15.6,17.2,17.2,15.6,15.6,15.93,17.2,17.2,15.6,15.6,15.93,18035800.0,287291320000.0,0.0,0.0,-1.15,-1.15,-6.8657
DIG,2022-12-20,15:12:01,HOSE,STOCK,18.0,19.25,16.75,17.8,17.95,16.75,16.75,16.98,17.8,17.95,16.75,16.75,16.98,27131000.0,460794685000.0,0.0,0.0,-1.25,-1.25,-6.9444
DIG,2022-12-19,15:12:01,HOSE,STOCK,19.0,20.3,17.7,19.3,19.7,18.0,18.0,18.93,19.3,19.7,18.0,18.0,18.93,19117600.0,361813230000.0,0.0,0.0,-1.0,-1.0,-5.2632
DIG,2022-12-16,15:12:02,HOSE,STOCK,18.2,19.45,16.95,17.75,19.0,17.55,19.0,18.59,17.75,19.0,17.55,19.0,18.59,22309500.0,414763605000.0,590000.0,10958000000.0,0.8,0.8,4.3956
DIG,2022-12-15,15:12:01,HOSE,STOCK,17.8,19.0,16.6,17.45,18.45,17.05,18.2,17.74,17.45,18.45,17.05,18.2,17.74,13989900.0,248145860000.0,0.0,0.0,0.4,0.4,2.2472
DIG,2022-12-14,18:12:45,HOSE,STOCK,18.45,19.7,17.2,19.0,19.0,17.8,17.8,18.295,19.0,19.0,17.8,17.8,18.295,13165300.0,240860145000.0,590000.0,10915000000.0,-0.65,-0.65,-3.523
DIG,2022-12-13,15:12:02,HOSE,STOCK,17.75,18.95,16.55,17.25,18.45,16.55,18.45,16.95,17.25,18.45,16.55,18.45,16.95,28579700.0,484338205000.0,0.0,0.0,0.7,0.7,3.9437
DIG,2022-12-12,15:12:01,HOSE,STOCK,19.05,20.35,17.75,19.2,19.8,17.75,17.75,18.74,19.2,19.8,17.75,17.75,18.74,20850800.0,390725150000.0,0.0,0.0,-1.3,-1.3,-6.8241
DIG,2022-12-09,15:12:01,HOSE,STOCK,17.85,19.05,16.65,18.7,19.05,17.6,19.05,18.25,18.7,19.05,17.6,19.05,18.25,22983000.0,419328850000.0,0.0,0.0,1.2,1.2,6.7227
DIG,2022-12-08,15:12:01,HOSE,STOCK,16.7,17.85,15.55,17.2,17.85,17.15,17.85,17.8,17.2,17.85,17.15,17.85,17.8,17111000.0,304546850000.0,0.0,0.0,1.15,1.15,6.8862
DIG,2022-12-07,15:12:01,HOSE,STOCK,17.95,19.2,16.7,17.0,17.9,16.7,16.7,16.89,17.0,17.9,16.7,16.7,16.89,26931500.0,454897535000.0,0.0,0.0,-1.25,-1.25,-6.9638
DIG,2022-12-06,15:12:01,HOSE,STOCK,19.3,20.65,17.95,19.3,20.4,17.95,17.95,19.12,19.3,20.4,17.95,17.95,19.12,44242600.0,846019795000.0,0.0,0.0,-1.35,-1.35,-6.9948
DIG,2022-12-05,15:12:01,HOSE,STOCK,18.05,19.3,16.8,19.15,19.3,18.35,19.3,18.88,19.15,19.3,18.35,19.3,18.88,18009300.0,339967445000.0,41300.0,779620100.0,1.25,1.25,6.9252
DIG,2022-12-02,15:12:01,HOSE,STOCK,16.9,18.05,15.75,18.0,18.05,16.35,18.05,17.42,18.0,18.05,16.35,18.05,17.42,37004600.0,644589575000.0,0.0,0.0,1.15,1.15,6.8047
DIG,2022-12-01,15:12:01,HOSE,STOCK,15.8,16.9,14.7,16.9,16.9,15.3,16.9,16.82,16.9,16.9,15.3,16.9,16.82,30680400.0,515921505000.0,0.0,0.0,1.1,1.1,6.962
DIG,2022-11-30,15:11:01,HOSE,STOCK,14.8,15.8,13.8,14.8,15.8,14.3,15.8,15.18,14.8,15.8,14.3,15.8,15.18,21464600.0,325760495000.0,0.0,0.0,1.0,1.0,6.7568
DIG,2022-11-29,15:11:02,HOSE,STOCK,13.9,14.85,12.95,14.85,14.85,13.6,14.8,14.49,14.85,14.85,13.6,14.8,14.49,45771000.0,663199695000.0,0.0,0.0,0.9,0.9,6.4748
DIG,2022-11-28,15:11:01,HOSE,STOCK,13.0,13.9,12.1,13.9,13.9,13.8,13.9,13.9,13.9,13.9,13.8,13.9,13.9,6090400.0,84643185000.0,0.0,0.0,0.9,0.9,6.9231
DIG,2022-11-25,15:11:01,HOSE,STOCK,12.15,13.0,11.3,12.6,13.0,12.3,13.0,12.87,12.6,13.0,12.3,13.0,12.87,20627600.0,265549300000.0,0.0,0.0,0.85,0.85,6.9959
DIG,2022-11-24,15:11:01,HOSE,STOCK,12.1,12.9,11.3,11.4,12.45,11.3,12.15,11.6,11.4,12.45,11.3,12.15,11.6,28696900.0,332818355000.0,0.0,0.0,0.05,0.05,0.4132
DIG,2022-11-23,15:11:01,HOSE,STOCK,13.0,13.9,12.1,12.7,13.1,12.1,12.1,12.34,12.7,13.1,12.1,12.1,12.34,18978100.0,234231370000.0,0.0,0.0,-0.9,-0.9,-6.9231
DIG,2022-11-22,15:11:02,HOSE,STOCK,12.7,13.55,11.85,13.35,13.55,12.2,13.0,13.23,13.35,13.55,12.2,13.0,13.23,36518100.0,483159800000.0,0.0,0.0,0.3,0.3,2.3622
DIG,2022-11-21,15:11:01,HOSE,STOCK,11.9,12.7,11.1,12.7,12.7,12.45,12.7,12.65,12.7,12.7,12.45,12.7,12.65,29409600.0,372131165000.0,0.0,0.0,0.8,0.8,6.7227
DIG,2022-11-18,15:11:01,HOSE,STOCK,11.15,11.9,10.4,11.2,11.9,10.5,11.9,11.27,11.2,11.9,10.5,11.9,11.27,29358100.0,330949500000.0,0.0,0.0,0.75,0.75,6.7265
DIG,2022-11-17,15:11:01,HOSE,STOCK,10.8,11.55,10.05,10.95,11.55,10.95,11.15,11.28,10.95,11.55,10.95,11.15,11.28,16815800.0,189723260000.0,0.0,0.0,0.35,0.35,3.2407
DIG,2022-11-16,15:11:01,HOSE,STOCK,10.1,10.8,9.4,9.4,10.8,9.4,10.8,9.86,9.4,10.8,9.4,10.8,9.86,51935000.0,512146880000.0,20300.0,190820000.0,0.7,0.7,6.9307
DIG,2022-11-15,15:11:02,HOSE,STOCK,10.85,11.6,10.1,10.1,10.1,10.1,10.1,10.1,10.1,10.1,10.1,10.1,10.1,1082300.0,10931230000.0,353900.0,3601390000.0,-0.75,-0.75,-6.9124
DIG,2022-11-14,15:11:01,HOSE,STOCK,11.65,12.45,10.85,10.85,11.05,10.85,10.85,10.85,10.85,11.05,10.85,10.85,10.85,20547800.0,223005095000.0,60000.0,660000000.0,-0.8,-0.8,-6.867
DIG,2022-11-11,15:11:01,HOSE,STOCK,12.5,13.35,11.65,12.0,12.75,11.65,11.65,11.75,12.0,12.75,11.65,11.65,11.75,19507200.0,229236640000.0,0.0,0.0,-0.85,-0.85,-6.8
DIG,2022-11-10,15:11:01,HOSE,STOCK,13.4,14.3,12.5,12.5,13.05,12.5,12.5,12.55,12.5,13.05,12.5,12.5,12.55,13218900.0,165934575000.0,0.0,0.0,-0.9,-0.9,-6.7164
DIG,2022-11-09,15:11:01,HOSE,STOCK,14.4,15.4,13.4,13.4,15.15,13.4,13.4,13.76,13.4,15.15,13.4,13.4,13.76,57331500.0,788673175000.0,0.0,0.0,-1.0,-1.0,-6.9444
DIG,2022-11-08,15:11:01,HOSE,STOCK,15.45,16.5,14.4,14.4,14.4,14.4,14.4,14.4,14.4,14.4,14.4,14.4,14.4,1242400.0,17890560000.0,0.0,0.0,-1.05,-1.05,-6.7961
DIG,2022-11-07,15:11:01,HOSE,STOCK,16.6,17.75,15.45,15.45,15.45,15.45,15.45,15.45,15.45,15.45,15.45,15.45,15.45,2477300.0,38274285000.0,0.0,0.0,-1.15,-1.15,-6.9277
DIG,2022-11-04,15:11:01,HOSE,STOCK,17.8,19.0,16.6,17.7,17.75,16.6,16.6,16.69,17.7,17.75,16.6,16.6,16.69,13199900.0,220347410000.0,0.0,0.0,-1.2,-1.2,-6.7416
DIG,2022-11-03,15:11:01,HOSE,STOCK,18.6,19.9,17.3,17.55,18.8,17.55,17.8,18.03,17.55,18.8,17.55,17.8,18.03,12256200.0,220932630000.0,0.0,0.0,-0.8,-0.8,-4.3011
DIG,2022-11-02,15:11:01,HOSE,STOCK,18.9,20.2,17.6,19.0,19.65,18.6,18.6,19.04,19.0,19.65,18.6,18.6,19.04,10306100.0,196198710000.0,0.0,0.0,-0.3,-0.3,-1.5873
DIG,2022-11-01,15:11:01,HOSE,STOCK,17.7,18.9,16.5,18.0,18.9,17.9,18.9,18.44,18.0,18.9,17.9,18.9,18.44,17193100.0,316989475000.0,0.0,0.0,1.2,1.2,6.7797
DIG,2022-10-31,15:10:01,HOSE,STOCK,19.0,20.3,17.7,18.5,18.7,17.7,17.7,17.79,18.5,18.7,17.7,17.7,17.79,19026400.0,338545000000.0,0.0,0.0,-1.3,-1.3,-6.8421
DIG,2022-10-28,15:10:01,HOSE,STOCK,19.8,21.15,18.45,20.4,21.0,19.0,19.0,20.0,20.4,21.0,19.0,19.0,20.0,10866100.0,217287535000.0,0.0,0.0,-0.8,-0.8,-4.0404
DIG,2022-10-27,15:10:02,HOSE,STOCK,19.05,20.35,17.75,17.75,20.15,17.75,19.8,18.4,17.75,20.15,17.75,19.8,18.4,27040700.0,497568410000.0,0.0,0.0,0.75,0.75,3.937
DIG,2022-10-26,15:10:01,HOSE,STOCK,20.45,21.85,19.05,19.6,20.4,19.05,19.05,19.37,19.6,20.4,19.05,19.05,19.37,7705800.0,149256905000.0,0.0,0.0,-1.4,-1.4,-6.846
DIG,2022-10-25,15:10:01,HOSE,STOCK,21.95,23.45,20.45,20.45,22.5,20.45,20.45,20.67,20.45,22.5,20.45,20.45,20.67,14021100.0,289850890000.0,0.0,0.0,-1.5,-1.5,-6.8337
DIG,2022-10-24,15:10:01,HOSE,STOCK,23.55,25.15,21.95,23.3,23.5,21.95,21.95,22.25,23.3,23.5,21.95,21.95,22.25,4999500.0,111237545000.0,318500.0,6991075000.0,-1.6,-1.6,-6.7941
DIG,2022-10-21,15:10:01,HOSE,STOCK,25.3,27.05,23.55,25.3,25.3,23.55,23.55,23.76,25.3,25.3,23.55,23.55,23.76,10090200.0,239763350000.0,288000.0,6898400000.0,-1.75,-1.75,-6.917
DIG,2022-10-20,15:10:01,HOSE,STOCK,26.1,27.9,24.3,25.9,26.25,25.25,25.3,25.57,25.9,26.25,25.25,25.3,25.57,5160700.0,131957695000.0,0.0,0.0,-0.8,-0.8,-3.0651
DIG,2022-10-19,15:10:01,HOSE,STOCK,26.2,28.0,24.4,26.5,26.7,26.1,26.1,26.34,26.5,26.7,26.1,26.1,26.34,5436800.0,143200340000.0,0.0,0.0,-0.1,-0.1,-0.3817
DIG,2022-10-18,15:10:02,HOSE,STOCK,24.5,26.2,22.8,25.0,26.2,24.7,26.2,25.91,25.0,26.2,24.7,26.2,25.91,11719300.0,303698675000.0,20800.0,474240000.0,1.7,1.7,6.9388
DIG,2022-10-17,15:10:02,HOSE,STOCK,25.55,27.3,23.8,25.0,25.2,23.8,24.5,24.33,25.0,25.2,23.8,24.5,24.33,8402200.0,204449145000.0,24352.0,579577600.0,-1.05,-1.05,-4.1096
DIG,2022-10-14,15:10:02,HOSE,STOCK,25.3,27.05,23.55,25.85,26.3,25.5,25.55,25.76,25.85,26.3,25.5,25.55,25.76,6051100.0,155898795000.0,0.0,0.0,0.25,0.25,0.9881
DIG,2022-10-13,15:10:02,HOSE,STOCK,24.7,26.4,23.0,25.0,25.95,24.8,25.3,25.33,25.0,25.95,24.8,25.3,25.33,5794700.0,146786810000.0,0.0,0.0,0.6,0.6,2.4291
DIG,2022-10-12,15:10:01,HOSE,STOCK,24.65,26.35,22.95,23.0,25.5,22.95,24.7,24.05,23.0,25.5,22.95,24.7,24.05,12537500.0,301504505000.0,292100.0,7594600000.0,0.05,0.05,0.2028
DIG,2022-10-11,15:10:01,HOSE,STOCK,26.5,28.35,24.65,25.8,26.3,24.65,24.65,24.86,25.8,26.3,24.65,24.65,24.86,8799700.0,218738465000.0,300000.0,7395000000.0,-1.85,-1.85,-6.9811
DIG,2022-10-10,15:10:02,HOSE,STOCK,26.65,28.5,24.8,24.9,26.55,24.85,26.5,25.82,24.9,26.55,24.85,26.5,25.82,9234100.0,238390525000.0,0.0,0.0,-0.15,-0.15,-0.5629
DIG,2022-10-07,15:10:01,HOSE,STOCK,27.3,29.2,25.4,25.8,26.65,25.4,26.65,25.83,25.8,26.65,25.4,26.65,25.83,16525700.0,426911800000.0,0.0,0.0,-0.65,-0.65,-2.381
DIG,2022-10-06,15:10:02,HOSE,STOCK,28.5,30.45,26.55,28.5,28.55,26.7,27.3,27.35,28.5,28.55,26.7,27.3,27.35,8611500.0,235542075000.0,0.0,0.0,-1.2,-1.2,-4.2105
DIG,2022-10-05,15:10:01,HOSE,STOCK,26.95,28.8,25.1,27.4,28.7,27.1,28.5,27.94,27.4,28.7,27.1,28.5,27.94,9020000.0,252022890000.0,45000.0,1296000000.0,1.55,1.55,5.7514
DIG,2022-10-04,15:10:01,HOSE,STOCK,27.65,29.55,25.75,27.5,28.0,25.8,26.95,26.64,27.5,28.0,25.8,26.95,26.64,13431400.0,357775955000.0,0.0,0.0,-0.7,-0.7,-2.5316
DIG,2022-10-03,15:10:02,HOSE,STOCK,29.7,31.75,27.65,28.55,29.3,27.65,27.65,28.05,28.55,29.3,27.65,27.65,28.05,6420800.0,180085920000.0,206900.0,5720785000.0,-2.05,-2.05,-6.9024
DIG,2022-09-30,15:09:02,HOSE,STOCK,30.0,32.1,27.9,29.5,29.7,27.9,29.7,28.56,29.5,29.7,27.9,29.7,28.56,13026800.0,372087295000.0,120000.0,3600000000.0,-0.3,-0.3,-1.0
DIG,2022-09-29,15:09:01,HOSE,STOCK,30.8,32.95,28.65,31.2,31.5,29.9,30.0,30.52,31.2,31.5,29.9,30.0,30.52,5295800.0,161627020000.0,0.0,0.0,-0.8,-0.8,-2.5974
DIG,2022-09-28,15:09:01,HOSE,STOCK,30.9,33.05,28.75,30.0,31.35,29.6,30.8,30.42,30.0,31.35,29.6,30.8,30.42,7593900.0,230979620000.0,0.0,0.0,-0.1,-0.1,-0.3236
DIG,2022-09-27,15:09:01,HOSE,STOCK,31.9,34.1,29.7,31.5,31.9,30.0,30.9,30.83,31.5,31.9,30.0,30.9,30.83,4925200.0,151828580000.0,0.0,0.0,-1.0,-1.0,-3.1348
DIG,2022-09-26,15:09:02,HOSE,STOCK,32.15,34.4,29.9,31.0,31.9,29.9,31.9,30.38,31.0,31.9,29.9,31.9,30.38,18104400.0,549933925000.0,0.0,0.0,-0.25,-0.25,-0.7776
DIG,2022-09-23,15:09:02,HOSE,STOCK,33.15,35.45,30.85,33.0,33.4,32.15,32.15,32.86,33.0,33.4,32.15,32.15,32.86,4695100.0,154301275000.0,0.0,0.0,-1.0,-1.0,-3.0166
DIG,2022-09-22,15:09:01,HOSE,STOCK,32.9,35.2,30.6,32.5,33.45,32.5,33.15,32.91,32.5,33.45,32.5,33.15,32.91,4581400.0,150767710000.0,0.0,0.0,0.25,0.25,0.7599
DIG,2022-09-21,15:09:02,HOSE,STOCK,33.05,35.35,30.75,32.6,33.7,32.4,32.9,33.01,32.6,33.7,32.4,32.9,33.01,3782600.0,124871745000.0,0.0,0.0,-0.15,-0.15,-0.4539
DIG,2022-09-20,15:09:01,HOSE,STOCK,33.0,35.3,30.7,33.0,33.5,32.1,33.05,32.79,33.0,33.5,32.1,33.05,32.79,5185300.0,170035750000.0,0.0,0.0,0.05,0.05,0.1515
DIG,2022-09-19,15:09:01,HOSE,STOCK,33.7,36.05,31.35,33.8,34.0,31.5,33.0,32.53,33.8,34.0,31.5,33.0,32.53,11066200.0,359962160000.0,0.0,0.0,-0.7,-0.7,-2.0772
DIG,2022-09-16,15:09:02,HOSE,STOCK,35.45,37.9,33.0,35.2,35.3,33.65,33.7,34.29,35.2,35.3,33.65,33.7,34.29,8242600.0,282649525000.0,0.0,0.0,-1.75,-1.75,-4.9365
DIG,2022-09-15,15:09:01,HOSE,STOCK,35.6,38.05,33.15,35.75,36.2,35.45,35.45,35.74,35.75,36.2,35.45,35.45,35.74,3726300.0,133160890000.0,0.0,0.0,-0.15,-0.15,-0.4213
DIG,2022-09-14,15:09:01,HOSE,STOCK,35.6,38.05,33.15,34.5,36.2,34.5,35.6,35.51,34.5,36.2,34.5,35.6,35.51,8125100.0,288547010000.0,0.0,0.0,0.0,0.0,0.0
DIG,2022-09-13,15:09:02,HOSE,STOCK,36.0,38.5,33.5,36.0,36.0,35.0,35.6,35.39,36.0,36.0,35.0,35.6,35.39,5019300.0,177620130000.0,0.0,0.0,-0.4,-0.4,-1.1111
DIG,2022-09-12,15:09:01,HOSE,STOCK,37.0,39.55,34.45,37.0,37.0,36.0,36.0,36.5,37.0,37.0,36.0,36.0,36.5,4526900.0,165218740000.0,0.0,0.0,-1.0,-1.0,-2.7027
DIG,2022-09-09,15:09:02,HOSE,STOCK,35.0,37.45,32.55,35.4,37.0,33.0,37.0,34.49,35.4,37.0,33.0,37.0,34.49,12071300.0,416283655000.0,0.0,0.0,2.0,2.0,5.7143
DIG,2022-09-08,15:09:01,HOSE,STOCK,36.5,39.05,33.95,37.2,37.3,35.0,35.0,36.03,37.2,37.3,35.0,35.0,36.03,8796700.0,316931805000.0,0.0,0.0,-1.5,-1.5,-4.1096
DIG,2022-09-07,15:09:02,HOSE,STOCK,38.5,41.15,35.85,38.35,38.8,36.5,36.5,37.81,38.35,38.8,36.5,36.5,37.81,7796900.0,294803290000.0,0.0,0.0,-2.0,-2.0,-5.1948
DIG,2022-09-06,15:09:02,HOSE,STOCK,37.7,40.3,35.1,37.8,38.85,37.65,38.5,38.28,37.8,38.85,37.65,38.5,38.28,6322700.0,242056130000.0,0.0,0.0,0.8,0.8,2.122
DIG,2022-09-05,15:09:02,HOSE,STOCK,38.0,40.65,35.35,38.0,38.6,37.7,37.7,38.01,38.0,38.6,37.7,37.7,38.01,5268200.0,200226805000.0,0.0,0.0,-0.3,-0.3,-0.7895
DIG,2022-08-31,15:08:01,HOSE,STOCK,38.0,40.65,35.35,37.2,38.55,37.0,38.0,37.69,37.2,38.55,37.0,38.0,37.69,9204300.0,346939875000.0,0.0,0.0,0.0,0.0,0.0
DIG,2022-08-30,15:08:01,HOSE,STOCK,39.8,42.55,37.05,40.0,40.2,38.0,38.0,38.93,40.0,40.2,38.0,38.0,38.93,7561700.0,294397180000.0,0.0,0.0,-1.8,-1.8,-4.5226
DIG,2022-08-29,15:08:02,HOSE,STOCK,40.1,42.9,37.3,39.0,39.8,38.0,39.8,38.72,39.0,39.8,38.0,39.8,38.72,9304600.0,360304715000.0,0.0,0.0,-0.3,-0.3,-0.7481
DIG,2022-08-26,15:08:02,HOSE,STOCK,40.0,42.8,37.2,40.2,41.0,39.7,40.1,40.37,40.2,41.0,39.7,40.1,40.37,9010000.0,363762355000.0,0.0,0.0,0.1,0.1,0.25
DIG,2022-08-25,15:08:02,HOSE,STOCK,39.6,42.35,36.85,39.6,40.6,39.4,40.0,39.94,39.6,40.6,39.4,40.0,39.94,6039400.0,241219525000.0,0.0,0.0,0.4,0.4,1.0101
DIG,2022-08-24,15:08:03,HOSE,STOCK,40.0,42.8,37.2,40.2,40.45,39.45,39.6,39.96,40.2,40.45,39.45,39.6,39.96,5231700.0,209038295000.0,0.0,0.0,-0.4,-0.4,-1.0
DIG,2022-08-23,15:08:02,HOSE,STOCK,38.15,40.8,35.5,37.55,40.0,37.55,40.0,38.47,37.55,40.0,37.55,40.0,38.47,7628500.0,293505755000.0,0.0,0.0,1.85,1.85,4.8493
DIG,2022-08-22,15:08:01,HOSE,STOCK,40.7,43.5,37.9,40.1,40.45,38.0,38.15,39.05,40.1,40.45,38.0,38.15,39.05,14506300.0,566514940000.0,0.0,0.0,-2.55,-2.55,-6.2654
DIG,2022-08-19,15:08:02,HOSE,STOCK,40.8,43.65,37.95,40.8,41.5,40.2,40.7,40.91,40.8,41.5,40.2,40.7,40.91,6441900.0,263509875000.0,0.0,0.0,-0.1,-0.1,-0.2451
DIG,2022-08-18,15:08:03,HOSE,STOCK,41.2,44.05,38.35,41.0,41.35,40.5,40.8,40.99,41.0,41.35,40.5,40.8,40.99,6327400.0,259361460000.0,0.0,0.0,-0.4,-0.4,-0.9709
DIG,2022-08-17,15:08:02,HOSE,STOCK,41.25,44.1,38.4,41.35,42.8,41.1,41.2,42.0,41.35,42.8,41.1,41.2,42.0,11277600.0,473626250000.0,0.0,0.0,-0.05,-0.05,-0.1212
DIG,2022-08-16,15:08:03,HOSE,STOCK,40.7,43.5,37.9,40.7,41.5,40.5,41.25,40.97,40.7,41.5,40.5,41.25,40.97,6431900.0,263508340000.0,0.0,0.0,0.55,0.55,1.3514
DIG,2022-08-15,15:08:02,HOSE,STOCK,40.55,43.35,37.75,41.0,41.15,40.25,40.7,40.6,41.0,41.15,40.25,40.7,40.6,5604000.0,227543945000.0,0.0,0.0,0.15,0.15,0.3699
DIG,2022-08-12,15:08:02,HOSE,STOCK,40.0,42.8,37.2,40.0,40.95,39.6,40.55,40.15,40.0,40.95,39.6,40.55,40.15,6583700.0,264317855000.0,0.0,0.0,0.55,0.55,1.375
DIG,2022-08-11,15:08:02,HOSE,STOCK,42.1,45.0,39.2,42.6,42.7,39.5,40.0,41.05,42.6,42.7,39.5,40.0,41.05,12624900.0,518227045000.0,0.0,0.0,-2.1,-2.1,-4.9881
DIG,2022-08-10,15:08:03,HOSE,STOCK,40.95,43.8,38.1,40.85,42.8,40.65,42.1,41.96,40.85,42.8,40.65,42.1,41.96,9908200.0,415741230000.0,200000.0,7620000000.0,1.15,1.15,2.8083
DIG,2022-08-09,15:08:02,HOSE,STOCK,40.75,43.6,37.9,40.9,41.55,40.35,40.95,40.87,40.9,41.55,40.35,40.95,40.87,5416600.0,221382320000.0,189400.0,7514260000.0,0.2,0.2,0.4908
DIG,2022-08-08,15:08:02,HOSE,STOCK,41.05,43.9,38.2,41.9,41.9,40.45,40.75,41.23,41.9,41.9,40.45,40.75,41.23,7035900.0,290116155000.0,0.0,0.0,-0.3,-0.3,-0.7308
DIG,2022-08-05,15:08:01,HOSE,STOCK,39.65,42.4,36.9,39.5,41.3,39.3,41.05,40.36,39.5,41.3,39.3,41.05,40.36,8401900.0,339141525000.0,0.0,0.0,1.4,1.4,3.5309
DIG,2022-08-04,15:08:03,HOSE,STOCK,39.5,42.25,36.75,40.15,40.9,39.5,39.65,40.16,40.15,40.9,39.5,39.65,40.16,6926300.0,278188745000.0,160000.0,6400000000.0,0.15,0.15,0.3797
DIG,2022-08-03,15:08:01,HOSE,STOCK,39.6,42.35,36.85,38.5,39.6,38.5,39.5,38.94,38.5,39.6,38.5,39.5,38.94,8645000.0,336625550000.0,20000.0,768000000.0,-0.1,-0.1,-0.2525
DIG,2022-08-02,15:08:01,HOSE,STOCK,39.55,42.3,36.8,39.95,40.45,38.8,39.6,39.71,39.95,40.45,38.8,39.6,39.71,7561800.0,300242725000.0,0.0,0.0,0.05,0.05,0.1264
DIG,2022-08-01,15:08:02,HOSE,STOCK,38.3,40.95,35.65,38.45,40.1,38.45,39.55,39.44,38.45,40.1,38.45,39.55,39.44,6472200.0,255293490000.0,0.0,0.0,1.25,1.25,3.2637
DIG,2022-07-29,15:07:02,HOSE,STOCK,38.95,41.65,36.25,39.0,39.1,38.3,38.3,38.59,39.0,39.1,38.3,38.3,38.59,6789200.0,261970055000.0,0.0,0.0,-0.65,-0.65,-1.6688
DIG,2022-07-28,15:07:03,HOSE,STOCK,36.5,39.05,33.95,37.65,39.05,37.35,38.95,38.41,37.65,39.05,37.35,38.95,38.41,14804200.0,568566755000.0,0.0,0.0,2.45,2.45,6.7123
DIG,2022-07-27,15:07:03,HOSE,STOCK,35.1,37.55,32.65,34.95,36.5,34.5,36.5,35.59,34.95,36.5,34.5,36.5,35.59,5391000.0,191888100000.0,0.0,0.0,1.4,1.4,3.9886
DIG,2022-07-26,15:07:03,HOSE,STOCK,35.2,37.65,32.75,35.5,36.0,35.1,35.1,35.5,35.5,36.0,35.1,35.1,35.5,4550600.0,161568810000.0,0.0,0.0,-0.1,-0.1,-0.2841
DIG,2022-07-25,15:07:02,HOSE,STOCK,35.7,38.15,33.25,35.0,35.85,34.35,35.2,34.97,35.0,35.85,34.35,35.2,34.97,6768300.0,236680810000.0,0.0,0.0,-0.5,-0.5,-1.4006
DIG,2022-07-22,15:07:03,HOSE,STOCK,36.4,38.9,33.9,36.0,36.55,35.6,35.7,35.99,36.0,36.55,35.6,35.7,35.99,6017800.0,216555705000.0,0.0,0.0,-0.7,-0.7,-1.9231
DIG,2022-07-21,15:07:02,HOSE,STOCK,34.45,36.85,32.05,36.8,36.85,36.1,36.4,36.71,36.8,36.85,36.1,36.4,36.71,12848600.0,471685595000.0,0.0,0.0,1.95,1.95,5.6604
DIG,2022-07-20,15:07:03,HOSE,STOCK,40.75,43.6,37.9,41.8,42.9,41.0,42.0,42.02,34.263,35.165,33.608,34.427,34.444,10392600.0,436683900000.0,56000.0,2352000000.0,1.25,1.0246,3.0675
DIG,2022-07-19,15:07:03,HOSE,STOCK,39.65,42.4,36.9,39.15,41.85,38.5,40.75,39.58,32.091,34.304,31.558,33.403,32.444,9137100.0,361661410000.0,50000.0,1950000000.0,1.1,0.9017,2.7743
DIG,2022-07-18,15:07:03,HOSE,STOCK,41.95,44.85,39.05,42.0,42.55,39.1,39.65,40.69,34.427,34.878,32.05,32.501,33.354,16873900.0,686624125000.0,100000.0,4100000000.0,-2.3,-1.8853,-5.4827
DIG,2022-07-15,15:07:03,HOSE,STOCK,42.4,45.35,39.45,43.45,44.35,41.95,41.95,43.37,35.616,36.354,34.386,34.386,35.55,8695400.0,377160120000.0,380000.0,15756000000.0,-0.45,-0.3689,-1.0613
DIG,2022-07-14,15:07:02,HOSE,STOCK,41.6,44.5,38.7,41.05,43.2,41.05,42.4,42.23,33.649,35.411,33.649,34.755,34.616,7828700.0,330613900000.0,0.0,0.0,0.8,0.6558,1.9231
DIG,2022-07-13,15:07:03,HOSE,STOCK,42.9,45.9,39.9,43.0,43.45,40.85,41.6,42.24,35.247,35.616,33.485,34.1,34.624,12115800.0,511779835000.0,120000.0,5063320000.0,-1.3,-1.0656,-3.0303
DIG,2022-07-12,15:07:03,HOSE,STOCK,40.1,42.9,37.3,40.75,42.9,40.75,42.9,41.92,33.403,35.165,33.403,35.165,34.362,7827700.0,328111785000.0,100000.0,4200000000.0,2.8,2.2952,6.9825
DIG,2022-07-11,15:07:04,HOSE,STOCK,38.45,41.1,35.8,38.8,40.65,38.0,40.1,39.67,31.804,33.321,31.149,32.87,32.517,11810400.0,468497535000.0,0.0,0.0,1.65,1.3525,4.2913
DIG,2022-07-08,15:07:03,HOSE,STOCK,35.95,38.45,33.45,37.0,38.45,36.65,38.45,38.27,30.329,31.517,30.042,31.517,31.37,17592700.0,673190875000.0,100000.0,3845000000.0,2.5,2.0492,6.9541
DIG,2022-07-07,15:07:02,HOSE,STOCK,34.9,37.3,32.5,35.5,36.45,35.35,35.95,35.84,29.099,29.878,28.976,29.468,29.378,4664100.0,167154285000.0,400000.0,14140000000.0,1.05,0.8607,3.0086
DIG,2022-07-06,15:07:02,HOSE,STOCK,34.9,37.3,32.5,34.05,36.95,34.05,34.9,35.55,27.911,30.288,27.911,28.608,29.14,7774500.0,276387075000.0,60000.0,2238000000.0,0.0,0.0,0.0
DIG,2022-07-05,15:07:02,HOSE,STOCK,36.6,39.15,34.05,36.55,37.0,34.45,34.9,35.64,29.96,30.329,28.239,28.608,29.214,5039800.0,179618645000.0,50000.0,1702500000.0,-1.7,-1.3935,-4.6448
DIG,2022-07-04,15:07:03,HOSE,STOCK,36.5,39.05,33.95,37.3,38.0,36.4,36.6,37.24,30.575,31.149,29.837,30.001,30.526,4006100.0,149202910000.0,50000.0,1740000000.0,0.1,0.082,0.274
DIG,2022-07-01,15:07:02,HOSE,STOCK,35.4,37.85,32.95,34.5,37.8,33.0,36.5,34.79,28.28,30.985,27.05,29.919,28.517,10675100.0,371374330000.0,180000.0,6488000000.0,1.1,0.9017,3.1073
DIG,2022-06-30,15:06:03,HOSE,STOCK,38.0,40.65,35.35,37.9,38.15,35.35,35.4,36.31,31.067,31.272,28.976,29.017,29.763,11006100.0,399662630000.0,0.0,0.0,-2.6,-2.1312,-6.8421
DIG,2022-06-29,15:06:02,HOSE,STOCK,38.6,41.3,35.9,38.0,39.5,37.35,38.0,38.22,31.149,32.378,30.616,31.149,31.329,7551500.0,288603005000.0,0.0,0.0,-0.6,-0.4918,-1.5544
DIG,2022-06-28,15:06:02,HOSE,STOCK,36.1,38.6,33.6,36.6,38.6,36.0,38.6,37.67,30.001,31.64,29.509,31.64,30.878,7692800.0,289790585000.0,0.0,0.0,2.5,2.0492,6.9252
DIG,2022-06-27,15:06:04,HOSE,STOCK,35.05,37.5,32.6,34.95,36.95,34.0,36.1,35.34,28.649,30.288,27.87,29.591,28.968,7919600.0,279918050000.0,55000.0,1809500000.0,1.05,0.8607,2.9957
DIG,2022-06-24,15:06:03,HOSE,STOCK,36.05,38.55,33.55,36.55,38.45,35.05,35.05,37.15,29.96,31.517,28.73,28.73,30.452,11785600.0,437825125000.0,70000.0,2660000000.0,-1.0,-0.8197,-2.7739
DIG,2022-06-23,15:06:02,HOSE,STOCK,33.7,36.05,31.35,35.8,36.05,34.6,36.05,35.48,29.345,29.55,28.362,29.55,29.083,7562800.0,268297075000.0,0.0,0.0,2.35,1.9263,6.9733
DIG,2022-06-22,15:06:04,HOSE,STOCK,31.5,33.7,29.3,32.5,33.7,31.4,33.7,32.56,26.64,27.624,25.739,27.624,26.689,9381300.0,305474835000.0,25000.0,842500000.0,2.2,1.8033,6.9841
DIG,2022-06-21,15:06:02,HOSE,STOCK,33.85,36.2,31.5,32.0,33.8,31.5,31.5,32.03,26.23,27.706,25.821,25.821,26.255,9522800.0,305053415000.0,0.0,0.0,-2.35,-1.9263,-6.9424
DIG,2022-06-20,15:06:02,HOSE,STOCK,36.35,38.85,33.85,36.0,37.45,33.85,33.85,34.69,29.509,30.698,27.747,27.747,28.435,9576900.0,332259635000.0,0.0,0.0,-2.5,-2.0493,-6.8776
DIG,2022-06-17,15:06:04,HOSE,STOCK,39.05,41.75,36.35,37.0,38.0,36.35,36.35,36.55,30.329,31.149,29.796,29.796,29.96,13824800.0,505302470000.0,0.0,0.0,-2.7,-2.2132,-6.9142
DIG,2022-06-16,15:06:04,HOSE,STOCK,41.95,44.85,39.05,43.0,43.95,39.05,39.05,41.8,35.247,36.026,32.009,32.009,34.263,9400600.0,392980015000.0,0.0,0.0,-2.9,-2.3771,-6.913
DIG,2022-06-15,15:06:05,HOSE,STOCK,45.1,48.25,41.95,45.1,46.45,41.95,41.95,42.6,36.968,38.075,34.386,34.386,34.919,11625500.0,495203895000.0,0.0,0.0,-3.15,-2.582,-6.9845
DIG,2022-06-14,15:06:04,HOSE,STOCK,48.4,51.7,45.05,47.0,49.5,45.1,45.1,47.4,38.526,40.575,36.968,36.968,38.854,6744800.0,319707840000.0,0.0,0.0,-3.3,-2.705,-6.8182
DIG,2022-06-13,15:06:04,HOSE,STOCK,52.0,55.6,48.4,49.9,50.9,48.4,48.4,49.16,40.903,41.723,39.673,39.673,40.296,8268800.0,406478440000.0,0.0,0.0,-3.6,-2.9509,-6.9231
DIG,2022-06-10,15:06:03,HOSE,STOCK,54.5,58.3,50.7,53.5,54.4,52.0,52.0,53.15,43.854,44.592,42.624,42.624,43.567,5341900.0,283922550000.0,60000.0,3360000000.0,-2.5,-2.0492,-4.5872
DIG,2022-06-09,15:06:02,HOSE,STOCK,55.0,58.8,51.2,55.2,56.5,54.5,54.5,55.34,45.247,46.313,44.674,44.674,45.362,3018900.0,167063060000.0,0.0,0.0,-0.5,-0.4099,-0.9091
DIG,2022-06-08,15:06:04,HOSE,STOCK,52.9,56.6,49.2,53.5,56.6,53.3,55.0,54.87,43.854,46.395,43.69,45.084,44.977,5147800.0,282458610000.0,0.0,0.0,2.1,1.7214,3.9698
DIG,2022-06-07,15:06:03,HOSE,STOCK,53.2,56.9,49.5,53.0,53.0,49.8,52.9,51.5,43.444,43.444,40.821,43.362,42.215,8167800.0,420624310000.0,60000.0,3402000000.0,-0.3,-0.2459,-0.5639
DIG,2022-06-06,15:06:03,HOSE,STOCK,57.2,61.2,53.2,57.9,57.9,53.2,53.2,55.4,47.461,47.461,43.608,43.608,45.411,6583300.0,364712830000.0,0.0,0.0,-4.0,-3.2788,-6.993
DIG,2022-06-03,15:06:05,HOSE,STOCK,55.7,59.5,51.9,55.3,58.4,54.5,57.2,55.92,45.329,47.87,44.674,46.887,45.838,6547600.0,366148340000.0,0.0,0.0,1.5,1.2296,2.693
DIG,2022-06-02,15:06:03,HOSE,STOCK,58.5,62.5,54.5,58.5,59.8,55.5,55.7,57.17,47.952,49.018,45.493,45.657,46.862,8799600.0,503059940000.0,0.0,0.0,-2.8,-2.2951,-4.7863
DIG,2022-06-01,15:06:04,HOSE,STOCK,60.4,64.6,56.2,60.0,60.5,57.5,58.5,58.89,49.182,49.592,47.133,47.952,48.272,9351600.0,550760080000.0,0.0,0.0,-1.9,-1.5574,-3.1457
DIG,2022-05-31,15:05:03,HOSE,STOCK,61.4,65.6,57.2,61.0,62.7,59.7,60.4,60.82,50.002,51.395,48.936,49.51,49.854,7891700.0,479961420000.0,0.0,0.0,-1.0,-0.8197,-1.6287
DIG,2022-05-30,15:05:03,HOSE,STOCK,60.2,64.4,56.0,61.0,62.7,60.3,61.4,61.57,50.002,51.395,49.428,50.33,50.469,4998500.0,307769830000.0,0.0,0.0,1.2,0.9836,1.9934
DIG,2022-05-27,15:05:03,HOSE,STOCK,59.0,63.1,54.9,59.0,62.0,58.5,60.2,60.18,48.362,50.821,47.952,49.346,49.33,6944200.0,417887530000.0,77200.0,4238280000.0,1.2,0.9836,2.0339
DIG,2022-05-26,15:05:04,HOSE,STOCK,60.1,64.3,55.9,60.0,61.3,58.6,59.0,59.74,49.182,50.248,48.034,48.362,48.969,5243400.0,313251910000.0,0.0,0.0,-1.1,-0.9017,-1.8303
DIG,2022-05-25,15:05:03,HOSE,STOCK,58.0,62.0,54.0,58.9,61.5,57.3,60.1,59.53,48.28,50.412,46.969,49.264,48.797,7680300.0,457218960000.0,0.0,0.0,2.1,1.7214,3.6207
DIG,2022-05-24,15:05:02,HOSE,STOCK,54.8,58.6,51.0,53.5,58.0,51.5,58.0,53.74,43.854,47.543,42.215,47.543,44.051,8674200.0,466151450000.0,0.0,0.0,3.2,2.6231,5.8394
DIG,2022-05-23,15:05:03,HOSE,STOCK,58.9,63.0,54.8,59.2,59.4,54.8,54.8,56.81,48.526,48.69,44.92,44.92,46.567,9667200.0,549165890000.0,0.0,0.0,-4.1,-3.3608,-6.961
DIG,2022-05-20,15:05:02,HOSE,STOCK,55.4,59.2,51.6,55.9,59.2,55.4,58.9,58.02,45.821,48.526,45.411,48.28,47.559,8215900.0,476701500000.0,0.0,0.0,3.5,2.8689,6.3177
DIG,2022-05-19,15:05:05,HOSE,STOCK,55.4,59.2,51.6,53.4,56.2,53.4,55.4,54.86,43.772,46.067,43.772,45.411,44.969,6854900.0,376077400000.0,0.0,0.0,0.0,0.0,0.0
DIG,2022-05-18,15:05:01,HOSE,STOCK,51.8,55.4,48.2,53.3,55.4,52.8,55.4,54.85,43.69,45.411,43.28,45.411,44.961,9176500.0,503340350000.0,0.0,0.0,3.6,2.9509,6.9498
DIG,2022-05-17,15:05:02,HOSE,STOCK,48.5,51.8,45.15,48.5,51.8,48.0,51.8,50.39,39.755,42.46,39.346,42.46,41.305,6108200.0,307775000000.0,0.0,0.0,3.3,2.705,6.8041
DIG,2022-05-16,15:05:02,HOSE,STOCK,49.15,52.5,45.75,52.0,52.2,48.5,48.5,50.65,42.624,42.788,39.755,39.755,41.518,7130300.0,361115125000.0,0.0,0.0,-0.65,-0.5328,-1.3225
DIG,2022-05-13,15:05:03,HOSE,STOCK,52.8,56.4,49.15,52.5,52.5,49.15,49.15,49.89,43.034,43.034,40.288,40.288,40.895,12420600.0,619662680000.0,0.0,0.0,-3.65,-2.9919,-6.9129
DIG,2022-05-12,15:05:04,HOSE,STOCK,56.7,60.6,52.8,56.9,57.9,52.8,52.8,55.54,46.641,47.461,43.28,43.28,45.526,9288300.0,515904670000.0,0.0,0.0,-3.9,-3.1968,-6.8783
DIG,2022-05-11,15:05:03,HOSE,STOCK,53.0,56.7,49.3,55.0,56.7,50.5,56.7,54.135,45.084,46.477,41.395,46.477,44.374,11641300.0,630203690000.0,0.0,0.0,3.7,3.0329,6.9811
DIG,2022-05-10,15:05:03,HOSE,STOCK,50.4,53.9,46.9,47.1,53.0,46.9,53.0,48.36,38.608,43.444,38.444,43.444,39.641,14106500.0,682145590000.0,0.0,0.0,2.6,2.1312,5.1587
DIG,2022-05-09,15:05:02,HOSE,STOCK,54.1,57.8,50.4,52.5,52.9,50.4,50.4,50.91,43.034,43.362,41.313,41.313,41.731,8771200.0,446510060000.0,0.0,0.0,-3.7,-3.0329,-6.8392
DIG,2022-05-06,15:05:04,HOSE,STOCK,58.1,62.1,54.1,56.0,57.5,54.1,54.1,55.71,45.903,47.133,44.346,44.346,45.665,7020300.0,391068350000.0,0.0,0.0,-4.0,-3.2788,-6.8847
DIG,2022-05-05,15:05:03,HOSE,STOCK,61.0,65.2,56.8,62.4,62.7,56.9,58.1,59.5,51.149,51.395,46.641,47.625,48.772,7119400.0,423580080000.0,0.0,0.0,-2.9,-2.3772,-4.7541
DIG,2022-05-04,15:05:03,HOSE,STOCK,65.0,69.5,60.5,63.5,64.8,61.0,61.0,62.49,52.051,53.117,50.002,50.002,51.223,7016700.0,438508140000.0,0.0,0.0,-4.0,-3.2788,-6.1538
DIG,2022-04-29,15:04:02,HOSE,STOCK,61.8,66.1,57.5,61.0,66.0,61.0,65.0,63.49,50.002,54.1,50.002,53.281,52.043,7752100.0,492158430000.0,0.0,0.0,3.2,2.6231,5.178
DIG,2022-04-28,15:04:02,HOSE,STOCK,64.4,68.9,59.9,64.5,65.7,61.5,61.8,63.75,52.871,53.854,50.412,50.657,52.256,6421200.0,409377190000.0,0.0,0.0,-2.6,-2.1312,-4.0373
DIG,2022-04-27,15:04:04,HOSE,STOCK,60.2,64.4,56.0,61.0,64.4,56.1,64.4,60.64,50.002,52.789,45.985,52.789,49.707,10375100.0,629151250000.0,0.0,0.0,4.2,3.4428,6.9767
DIG,2022-04-26,15:04:03,HOSE,STOCK,56.3,60.2,52.4,52.4,60.2,52.4,60.2,54.24,42.952,49.346,42.952,49.346,44.461,10288800.0,558054310000.0,0.0,0.0,3.9,3.1968,6.9272
DIG,2022-04-25,15:04:03,HOSE,STOCK,60.5,64.7,56.3,62.0,62.8,56.3,56.3,58.74,50.821,51.477,46.149,46.149,48.149,7833700.0,460131310000.0,0.0,0.0,-4.2,-3.4427,-6.9421
DIG,2022-04-22,15:04:04,HOSE,STOCK,64.7,69.2,60.2,62.0,67.0,60.2,60.5,62.86,50.821,54.92,49.346,49.592,51.526,8698700.0,546819150000.0,0.0,0.0,-4.2,-3.4428,-6.4915
DIG,2022-04-21,15:04:02,HOSE,STOCK,69.5,74.3,64.7,64.7,69.0,64.7,64.7,65.23,53.035,56.559,53.035,53.035,53.469,10454900.0,681990790000.0,0.0,0.0,-4.8,-3.9346,-6.9065
DIG,2022-04-20,15:04:02,HOSE,STOCK,72.2,77.2,67.2,71.0,73.3,69.5,69.5,71.38,58.199,60.084,56.969,56.969,58.51,4799400.0,342565110000.0,33000.0,2217600000.0,-2.7,-2.2132,-3.7396
DIG,2022-04-19,15:04:03,HOSE,STOCK,73.2,78.3,68.1,74.4,75.5,72.0,72.2,73.89,60.986,61.887,59.018,59.182,60.568,6611100.0,488470600000.0,22800.0,1785240000.0,-1.0,-0.8197,-1.3661
DIG,2022-04-18,15:04:03,HOSE,STOCK,69.3,74.1,64.5,67.2,73.2,65.2,73.2,68.01,55.084,60.002,53.444,60.002,55.748,10012700.0,680993460000.0,40000.0,2964000000.0,3.9,3.1968,5.6277
DIG,2022-04-15,15:04:02,HOSE,STOCK,74.5,79.7,69.3,72.6,73.9,69.3,69.3,70.41,59.51,60.576,56.805,56.805,57.715,9914000.0,698010740000.0,0.0,0.0,-5.2,-4.2624,-6.9799
DIG,2022-04-14,15:04:02,HOSE,STOCK,79.5,85.0,74.0,80.5,81.0,74.2,74.5,77.15,65.986,66.396,60.822,61.068,63.24,6108300.0,471253050000.0,20000.0,1480000000.0,-5.0,-4.0985,-6.2893
DIG,2022-04-13,15:04:02,HOSE,STOCK,77.8,83.2,72.4,79.0,79.5,72.6,79.5,75.22,64.756,65.166,59.51,65.166,61.658,9730800.0,731949630000.0,150000.0,10860000000.0,1.7,1.3935,2.1851
DIG,2022-04-12,15:04:02,HOSE,STOCK,83.6,89.4,77.8,84.9,85.9,77.8,77.8,81.31,69.593,70.412,63.773,63.773,66.65,6089800.0,495149390000.0,115500.0,9748200000.0,-5.8,-4.7543,-6.9378
DIG,2022-04-08,15:04:02,HOSE,STOCK,83.0,88.8,77.2,83.1,85.0,82.0,83.6,83.55,68.117,69.675,67.215,68.527,68.486,4901100.0,409498110000.0,0.0,0.0,0.6,0.4918,0.7229
DIG,2022-04-07,15:04:01,HOSE,STOCK,87.0,93.0,81.0,85.5,87.0,81.2,83.0,83.55,70.084,71.314,66.56,68.035,68.486,8675400.0,724837640000.0,0.0,0.0,-4.0,-3.2788,-4.5977
DIG,2022-04-06,15:04:02,HOSE,STOCK,93.5,100.0,87.0,92.0,93.0,87.0,87.0,89.57,75.412,76.232,71.314,71.314,73.421,13156200.0,1178414520000.0,0.0,0.0,-6.5,-5.3281,-6.9519
DIG,2022-04-05,15:04:02,HOSE,STOCK,95.0,101.6,88.4,92.1,97.0,92.1,93.5,93.68,75.494,79.511,75.494,76.642,76.789,6003300.0,562363560000.0,0.0,0.0,-1.5,-1.2296,-1.5789
DIG,2022-04-04,15:04:02,HOSE,STOCK,97.4,104.2,90.6,99.9,100.0,95.0,95.0,97.0,81.888,81.97,77.872,77.872,79.511,4270500.0,414229240000.0,0.0,0.0,-2.4,-1.9673,-2.4641
DIG,2022-04-01,15:04:01,HOSE,STOCK,92.5,98.9,86.1,92.5,97.7,91.0,97.4,94.11,75.822,80.085,74.593,79.839,77.142,4855800.0,456972290000.0,0.0,0.0,4.9,4.0165,5.2973
DIG,2022-03-31,15:03:04,HOSE,STOCK,95.0,101.6,88.4,95.4,97.2,91.0,92.5,94.47,78.199,79.675,74.593,75.822,77.437,4177200.0,394608750000.0,0.0,0.0,-2.5,-2.0492,-2.6316
DIG,2022-03-30,15:03:02,HOSE,STOCK,101.5,108.6,94.4,101.0,103.0,94.4,95.0,97.16,82.79,84.429,77.38,77.872,79.642,8157400.0,792603340000.0,0.0,0.0,-6.5,-5.3281,-6.4039
DIG,2022-03-29,15:03:03,HOSE,STOCK,94.9,101.5,88.3,97.0,101.5,96.5,101.5,99.61,79.511,83.2,79.101,83.2,81.65,4454900.0,443762200000.0,0.0,0.0,6.6,5.41,6.9547
DIG,2022-03-28,15:03:04,HOSE,STOCK,102.0,109.1,94.9,98.3,99.9,94.9,94.9,96.27,80.577,81.888,77.79,77.79,78.913,15773100.0,1518418000000.0,0.0,0.0,-7.1,-5.8199,-6.9608
DIG,2022-03-25,15:03:03,HOSE,STOCK,105.2,112.5,97.9,105.2,106.5,102.0,102.0,103.66,86.232,87.298,83.609,83.609,84.97,5003100.0,518606340000.0,0.0,0.0,-3.2,-2.623,-3.0418
DIG,2022-03-24,15:03:03,HOSE,STOCK,106.2,113.6,98.8,108.0,109.2,104.6,105.2,107.21,88.528,89.511,85.741,86.232,87.88,3746100.0,401620660000.0,0.0,0.0,-1.0,-0.8197,-0.9416
DIG,2022-03-23,15:03:02,HOSE,STOCK,102.5,109.6,95.4,102.5,107.0,101.0,106.2,104.52,84.019,87.708,82.79,87.052,85.675,4624200.0,483333200000.0,179000.0,17076600000.0,3.7,3.0329,3.6098
DIG,2022-03-22,15:03:03,HOSE,STOCK,101.6,108.7,94.5,105.0,108.1,101.6,102.5,105.45,86.069,88.61,83.282,84.019,86.437,5213100.0,549723460000.0,0.0,0.0,0.9,0.7377,0.8858
DIG,2022-03-21,15:03:02,HOSE,STOCK,95.0,101.6,88.4,96.0,101.6,95.9,101.6,98.95,78.691,83.282,78.609,83.282,81.109,5941800.0,587914140000.0,0.0,0.0,6.6,5.4101,6.9474
DIG,2022-03-18,15:03:02,HOSE,STOCK,91.6,98.0,85.2,92.0,97.3,91.5,95.0,94.88,75.412,79.757,75.003,77.872,77.773,8715500.0,826891560000.0,0.0,0.0,3.4,2.787,3.7118
DIG,2022-03-17,15:03:02,HOSE,STOCK,90.4,96.7,84.1,91.0,92.5,90.9,91.6,91.67,74.593,75.822,74.511,75.085,75.142,2982400.0,273408490000.0,0.0,0.0,1.2,0.9836,1.3274
DIG,2022-03-16,15:03:04,HOSE,STOCK,91.3,97.6,85.0,92.8,92.8,90.4,90.4,91.94,76.068,76.068,74.101,74.101,75.363,2939600.0,270281470000.0,0.0,0.0,-0.9,-0.7377,-0.9858
DIG,2022-03-15,15:03:03,HOSE,STOCK,89.5,95.7,83.3,92.0,92.2,90.0,91.3,91.4,75.412,75.576,73.773,74.839,74.921,3092200.0,282616290000.0,0.0,0.0,1.8,1.4755,2.0112
DIG,2022-03-14,15:03:04,HOSE,STOCK,88.0,94.1,81.9,86.0,92.0,85.0,89.5,88.35,70.494,75.412,69.675,73.363,72.42,5620700.0,496605140000.0,90000.0,7380000000.0,1.5,1.2295,1.7045
DIG,2022-03-11,15:03:03,HOSE,STOCK,91.0,97.3,84.7,89.5,91.0,86.5,88.0,88.96,73.363,74.593,70.904,72.134,72.921,3944800.0,350912630000.0,0.0,0.0,-3.0,-2.4591,-3.2967
DIG,2022-03-10,15:03:03,HOSE,STOCK,88.1,94.2,82.0,91.8,93.0,90.2,91.0,91.74,75.248,76.232,73.937,74.593,75.199,3015500.0,276635960000.0,0.0,0.0,2.9,2.3771,3.2917
DIG,2022-03-09,15:03:03,HOSE,STOCK,87.6,93.7,81.5,88.8,89.0,82.3,88.1,86.4,72.789,72.953,67.461,72.216,70.822,6316400.0,545760270000.0,0.0,0.0,0.5,0.4099,0.5708
DIG,2022-03-08,15:03:02,HOSE,STOCK,94.1,100.6,87.6,90.2,93.4,87.6,87.6,89.58,73.937,76.56,71.806,71.806,73.429,9470200.0,848337300000.0,0.0,0.0,-6.5,-5.3281,-6.9075
DIG,2022-03-07,15:03:03,HOSE,STOCK,96.2,102.9,89.5,96.9,97.5,93.0,94.1,95.05,79.429,79.921,76.232,77.134,77.912,4292900.0,408038480000.0,0.0,0.0,-2.1,-1.7214,-2.183
DIG,2022-03-04,15:03:03,HOSE,STOCK,93.4,99.9,86.9,94.0,98.6,92.8,96.2,95.94,77.052,80.822,76.068,78.855,78.642,5264200.0,505073110000.0,0.0,0.0,2.8,2.2952,2.9979
DIG,2022-03-03,15:03:04,HOSE,STOCK,92.3,98.7,85.9,93.0,94.5,92.0,93.4,93.28,76.232,77.462,75.412,76.56,76.462,3361900.0,313602830000.0,0.0,0.0,1.1,0.9017,1.1918
DIG,2022-03-02,15:03:03,HOSE,STOCK,92.0,98.4,85.6,93.9,95.5,90.0,92.3,93.22,76.97,78.281,73.773,75.658,76.412,4674900.0,435811210000.0,0.0,0.0,0.3,0.2459,0.3261
DIG,2022-03-01,15:03:04,HOSE,STOCK,86.0,92.0,80.0,86.1,92.0,86.0,92.0,90.51,70.576,75.412,70.494,75.412,74.191,7356500.0,665842710000.0,0.0,0.0,6.0,4.9182,6.9767
DIG,2022-02-28,15:02:03,HOSE,STOCK,88.1,94.2,82.0,87.0,89.0,84.0,86.0,86.28,71.314,72.953,68.855,70.494,70.724,4523200.0,390277440000.0,0.0,0.0,-2.1,-1.7214,-2.3837
DIG,2022-02-25,15:02:04,HOSE,STOCK,87.4,93.5,81.3,90.3,91.9,88.1,88.1,89.9,74.019,75.33,72.216,72.216,73.691,4180300.0,375805670000.0,0.0,0.0,0.7,0.5738,0.8009
DIG,2022-02-24,15:02:03,HOSE,STOCK,93.0,99.5,86.5,92.0,94.0,86.5,87.4,87.73,75.412,77.052,70.904,71.642,71.912,10818300.0,949131130000.0,0.0,0.0,-5.6,-4.5903,-6.0215
DIG,2022-02-23,15:02:03,HOSE,STOCK,88.4,94.5,82.3,90.0,94.0,88.4,93.0,90.94,73.773,77.052,72.461,76.232,74.544,6058000.0,550924500000.0,0.0,0.0,4.6,3.7706,5.2036
DIG,2022-02-22,15:02:02,HOSE,STOCK,95.0,101.6,88.4,88.4,92.3,88.4,88.4,89.11,72.461,75.658,72.461,72.461,73.043,12212200.0,1088214730000.0,0.0,0.0,-6.6,-5.41,-6.9474
DIG,2022-02-21,15:02:03,HOSE,STOCK,91.5,97.9,85.1,94.0,97.6,92.3,95.0,95.02,77.052,80.003,75.658,77.872,77.888,4792200.0,455335470000.0,0.0,0.0,3.5,2.869,3.8251
DIG,2022-02-18,15:02:03,HOSE,STOCK,85.7,91.6,79.8,85.0,91.6,84.0,91.5,88.63,69.675,75.085,68.855,75.003,72.65,5543100.0,491274290000.0,0.0,0.0,5.8,4.7543,6.7678
DIG,2022-02-17,15:02:03,HOSE,STOCK,84.4,90.3,78.5,87.2,89.0,84.0,85.7,85.74,71.478,72.953,68.855,70.248,70.281,7571800.0,649218790000.0,0.0,0.0,1.3,1.0656,1.5403
DIG,2022-02-16,15:02:03,HOSE,STOCK,78.9,84.4,73.4,82.5,84.4,82.0,84.4,83.93,67.625,69.183,67.215,69.183,68.797,3266800.0,274175660000.0,0.0,0.0,5.5,4.5084,6.9708
DIG,2022-02-15,15:02:03,HOSE,STOCK,73.8,78.9,68.7,74.8,78.9,74.0,78.9,77.87,61.314,64.674,60.658,64.674,63.83,4811200.0,374656400000.0,0.0,0.0,5.1,4.1804,6.9106
DIG,2022-02-14,15:02:02,HOSE,STOCK,69.0,73.8,64.2,66.0,73.8,66.0,73.8,70.56,54.1,60.494,54.1,60.494,57.838,6599000.0,465632990000.0,165400.0,10618680000.0,4.8,3.9346,6.9565
DIG,2022-02-11,15:02:05,HOSE,STOCK,72.9,78.0,67.8,71.0,74.9,69.0,69.0,71.55,58.199,61.396,56.559,56.559,58.65,4926000.0,352435250000.0,0.0,0.0,-3.9,-3.1968,-5.3498
DIG,2022-02-10,15:02:04,HOSE,STOCK,68.2,72.9,63.5,72.9,72.9,71.2,72.9,72.67,59.756,59.756,58.363,59.756,59.568,4090600.0,297277250000.0,165000.0,10477500000.0,4.7,3.8526,6.8915
DIG,2022-02-09,15:02:03,HOSE,STOCK,63.8,68.2,59.4,59.4,68.2,59.4,68.2,61.44,48.69,55.904,48.69,55.904,50.362,10218600.0,627836670000.0,0.0,0.0,4.4,3.6067,6.8966
DIG,2022-02-08,15:02:03,HOSE,STOCK,68.5,73.2,63.8,63.9,65.9,63.8,63.8,64.08,52.379,54.018,52.297,52.297,52.526,6680600.0,428125900000.0,0.0,0.0,-4.7,-3.8526,-6.8613
DIG,2022-02-07,15:02:03,HOSE,STOCK,73.6,78.7,68.5,74.5,77.0,68.5,68.5,72.54,61.068,63.117,56.149,56.149,59.461,5271400.0,382380390000.0,0.0,0.0,-5.1,-4.1804,-6.9293
DIG,2022-01-28,15:01:03,HOSE,STOCK,79.1,84.6,73.6,73.6,77.1,73.6,73.6,73.86,60.33,63.199,60.33,60.33,60.543,9074500.0,670269830000.0,0.0,0.0,-5.5,-4.5084,-6.9532
DIG,2022-01-27,15:01:04,HOSE,STOCK,85.0,90.9,79.1,85.0,86.0,79.1,79.1,81.36,69.675,70.494,64.838,64.838,66.691,3013300.0,245148560000.0,0.0,0.0,-5.9,-4.8362,-6.9412
DIG,2022-01-26,15:01:03,HOSE,STOCK,84.0,89.8,78.2,84.1,89.8,84.0,85.0,87.25,68.937,73.609,68.855,69.675,71.519,4680400.0,408341670000.0,0.0,0.0,1.0,0.8197,1.1905
DIG,2022-01-25,15:01:03,HOSE,STOCK,82.9,88.7,77.1,77.1,86.1,77.1,84.0,79.88,63.199,70.576,63.199,68.855,65.478,7432700.0,593716860000.0,0.0,0.0,1.1,0.9017,1.3269
DIG,2022-01-24,15:01:03,HOSE,STOCK,89.1,95.3,82.9,90.2,91.0,82.9,82.9,86.37,73.937,74.593,67.953,67.953,70.797,6567200.0,567200300000.0,0.0,0.0,-6.2,-5.0821,-6.9585
DIG,2022-01-21,15:01:02,HOSE,STOCK,83.3,89.1,77.5,89.1,89.1,83.3,89.1,88.79,73.035,73.035,68.281,73.035,72.781,8261400.0,733522210000.0,130000.0,10075000000.0,5.8,4.7542,6.9628
DIG,2022-01-20,15:01:03,HOSE,STOCK,77.9,83.3,72.5,72.5,83.3,72.5,83.3,75.89,59.428,68.281,59.428,68.281,62.207,13033500.0,989171570000.0,0.0,0.0,5.4,4.4264,6.932
DIG,2022-01-19,15:01:02,HOSE,STOCK,83.7,89.5,77.9,77.9,77.9,77.9,77.9,77.9,63.855,63.855,63.855,63.855,63.855,680900.0,53042110000.0,0.0,0.0,-5.8,-4.7543,-6.9295
DIG,2022-01-18,15:01:03,HOSE,STOCK,89.9,96.1,83.7,83.7,83.7,83.7,83.7,83.7,68.609,68.609,68.609,68.609,68.609,700800.0,58656960000.0,0.0,0.0,-6.2,-5.0821,-6.8966
DIG,2022-01-17,15:01:03,HOSE,STOCK,96.6,103.3,89.9,99.7,99.9,89.9,89.9,93.76,81.724,81.888,73.691,73.691,76.855,8371300.0,784919510000.0,0.0,0.0,-6.7,-5.492,-6.9358
DIG,2022-01-14,15:01:03,HOSE,STOCK,103.7,110.9,96.5,96.5,106.0,96.5,96.6,98.0,79.101,86.888,79.101,79.183,80.331,12905300.0,1264736070000.0,0.0,0.0,-7.1,-5.8199,-6.8467
DIG,2022-01-13,15:01:02,HOSE,STOCK,111.5,119.3,103.7,112.0,116.0,103.7,103.7,107.04,91.806,95.085,85.003,85.003,87.741,6175500.0,661001230000.0,0.0,0.0,-7.8,-6.3937,-6.9955
DIG,2022-01-12,15:01:03,HOSE,STOCK,119.8,128.1,111.5,119.0,125.0,111.5,111.5,113.98,97.544,102.463,91.397,91.397,93.429,13756100.0,1567876440000.0,21200.0,2715720000.0,-8.3,-6.8035,-6.9282
DIG,2022-01-11,15:01:02,HOSE,STOCK,112.0,119.8,104.2,115.0,119.8,112.5,119.8,117.8,94.266,98.2,92.216,98.2,96.561,5806500.0,684032480000.0,0.0,0.0,7.8,6.3937,6.9643
DIG,2022-01-10,15:01:03,HOSE,STOCK,117.1,125.2,109.0,115.9,125.2,112.0,112.0,120.33,95.003,102.626,91.806,91.806,98.635,6048800.0,727867360000.0,50000.0,6260000000.0,-5.1,-4.1805,-4.3553
DIG,2022-01-07,15:01:02,HOSE,STOCK,109.5,117.1,101.9,111.1,117.1,108.0,117.1,112.97,91.069,95.987,88.528,95.987,92.602,4244200.0,479469050000.0,0.0,0.0,7.6,6.2297,6.9406
DIG,2022-01-06,15:01:03,HOSE,STOCK,110.6,118.3,102.9,109.2,113.9,108.0,109.5,111.02,89.511,93.364,88.528,89.757,91.003,5140200.0,570656180000.0,0.0,0.0,-1.1,-0.9017,-0.9946
DIG,2022-01-05,15:01:03,HOSE,STOCK,103.4,110.6,96.2,110.6,110.6,106.0,110.6,109.94,90.659,90.659,86.888,90.659,90.118,5196200.0,571272460000.0,260500.0,27371300000.0,7.2,5.9019,6.9632
DIG,2022-01-04,15:01:02,HOSE,STOCK,96.7,103.4,90.0,100.0,103.4,98.1,103.4,102.13,81.97,84.757,80.413,84.757,83.716,3536300.0,361151040000.0,0.0,0.0,6.7,5.492,6.9286
